Pages; Faults; Size; Extra faults
1;1;4096;0
2;2;8192;0
3;3;12288;0
4;4;16384;0
5;5;20480;0
6;6;24576;0
7;7;28672;0
8;8;32768;0
9;9;36864;0
10;10;40960;0
11;11;45056;0
12;12;49152;0
13;13;53248;0
14;14;57344;0
15;15;61440;0
16;16;65536;0
17;32;69632;15
18;32;73728;14
19;32;77824;13
20;32;81920;12
21;32;86016;11
22;32;90112;10
23;32;94208;9
24;32;98304;8
25;32;102400;7
26;32;106496;6
27;32;110592;5
28;32;114688;4
29;32;118784;3
30;32;122880;2
31;32;126976;1
32;32;131072;0
33;48;135168;15
34;48;139264;14
35;48;143360;13
36;48;147456;12
37;48;151552;11
38;48;155648;10
39;48;159744;9
40;48;163840;8
41;48;167936;7
42;48;172032;6
43;48;176128;5
44;48;180224;4
45;48;184320;3
46;48;188416;2
47;48;192512;1
48;48;196608;0
49;64;200704;15
50;64;204800;14
51;64;208896;13
52;64;212992;12
53;64;217088;11
54;64;221184;10
55;64;225280;9
56;64;229376;8
57;64;233472;7
58;64;237568;6
59;64;241664;5
60;64;245760;4
61;64;249856;3
62;64;253952;2
63;64;258048;1
64;64;262144;0
65;80;266240;15
66;80;270336;14
67;80;274432;13
68;80;278528;12
69;80;282624;11
70;80;286720;10
71;80;290816;9
72;80;294912;8
73;80;299008;7
74;80;303104;6
75;80;307200;5
76;80;311296;4
77;80;315392;3
78;80;319488;2
79;80;323584;1
80;80;327680;0
81;96;331776;15
82;96;335872;14
83;96;339968;13
84;96;344064;12
85;96;348160;11
86;96;352256;10
87;96;356352;9
88;96;360448;8
89;96;364544;7
90;96;368640;6
91;96;372736;5
92;96;376832;4
93;96;380928;3
94;96;385024;2
95;96;389120;1
96;96;393216;0
97;112;397312;15
98;112;401408;14
99;112;405504;13
100;112;409600;12
101;112;413696;11
102;112;417792;10
103;112;421888;9
104;112;425984;8
105;112;430080;7
106;112;434176;6
107;112;438272;5
108;112;442368;4
109;112;446464;3
110;112;450560;2
111;112;454656;1
112;112;458752;0
113;128;462848;15
114;128;466944;14
115;128;471040;13
116;128;475136;12
117;128;479232;11
118;128;483328;10
119;128;487424;9
120;128;491520;8
121;128;495616;7
122;128;499712;6
123;128;503808;5
124;128;507904;4
125;128;512000;3
126;128;516096;2
127;128;520192;1
128;128;524288;0
129;144;528384;15
130;144;532480;14
131;144;536576;13
132;144;540672;12
133;144;544768;11
134;144;548864;10
135;144;552960;9
136;144;557056;8
137;144;561152;7
138;144;565248;6
139;144;569344;5
140;144;573440;4
141;144;577536;3
142;144;581632;2
143;144;585728;1
144;144;589824;0
145;160;593920;15
146;160;598016;14
147;160;602112;13
148;160;606208;12
149;160;610304;11
150;160;614400;10
151;160;618496;9
152;160;622592;8
153;160;626688;7
154;160;630784;6
155;160;634880;5
156;160;638976;4
157;160;643072;3
158;160;647168;2
159;160;651264;1
160;160;655360;0
161;176;659456;15
162;176;663552;14
163;176;667648;13
164;176;671744;12
165;176;675840;11
166;176;679936;10
167;176;684032;9
168;176;688128;8
169;176;692224;7
170;176;696320;6
171;176;700416;5
172;176;704512;4
173;176;708608;3
174;176;712704;2
175;176;716800;1
176;176;720896;0
177;192;724992;15
178;192;729088;14
179;192;733184;13
180;192;737280;12
181;192;741376;11
182;192;745472;10
183;192;749568;9
184;192;753664;8
185;192;757760;7
186;192;761856;6
187;192;765952;5
188;192;770048;4
189;192;774144;3
190;192;778240;2
191;192;782336;1
192;192;786432;0
193;208;790528;15
194;208;794624;14
195;208;798720;13
196;208;802816;12
197;208;806912;11
198;208;811008;10
199;208;815104;9
200;208;819200;8
201;208;823296;7
202;208;827392;6
203;208;831488;5
204;208;835584;4
205;208;839680;3
206;208;843776;2
207;208;847872;1
208;208;851968;0
209;224;856064;15
210;224;860160;14
211;224;864256;13
212;224;868352;12
213;224;872448;11
214;224;876544;10
215;224;880640;9
216;224;884736;8
217;224;888832;7
218;224;892928;6
219;224;897024;5
220;224;901120;4
221;224;905216;3
222;224;909312;2
223;224;913408;1
224;224;917504;0
225;240;921600;15
226;240;925696;14
227;240;929792;13
228;240;933888;12
229;240;937984;11
230;240;942080;10
231;240;946176;9
232;240;950272;8
233;240;954368;7
234;240;958464;6
235;240;962560;5
236;240;966656;4
237;240;970752;3
238;240;974848;2
239;240;978944;1
240;240;983040;0
241;256;987136;15
242;256;991232;14
243;256;995328;13
244;256;999424;12
245;256;1003520;11
246;256;1007616;10
247;256;1011712;9
248;256;1015808;8
249;256;1019904;7
250;256;1024000;6
251;256;1028096;5
252;256;1032192;4
253;256;1036288;3
254;256;1040384;2
255;256;1044480;1
256;256;1048576;0
257;272;1052672;15
258;272;1056768;14
259;272;1060864;13
260;272;1064960;12
261;272;1069056;11
262;272;1073152;10
263;272;1077248;9
264;272;1081344;8
265;272;1085440;7
266;272;1089536;6
267;272;1093632;5
268;272;1097728;4
269;272;1101824;3
270;272;1105920;2
271;272;1110016;1
272;272;1114112;0
273;288;1118208;15
274;288;1122304;14
275;288;1126400;13
276;288;1130496;12
277;288;1134592;11
278;288;1138688;10
279;288;1142784;9
280;288;1146880;8
281;288;1150976;7
282;288;1155072;6
283;288;1159168;5
284;288;1163264;4
285;288;1167360;3
286;288;1171456;2
287;288;1175552;1
288;288;1179648;0
289;304;1183744;15
290;304;1187840;14
291;304;1191936;13
292;304;1196032;12
293;304;1200128;11
294;304;1204224;10
295;304;1208320;9
296;304;1212416;8
297;304;1216512;7
298;304;1220608;6
299;304;1224704;5
300;304;1228800;4
301;304;1232896;3
302;304;1236992;2
303;304;1241088;1
304;304;1245184;0
305;306;1249280;1
306;307;1253376;1
307;308;1257472;1
308;309;1261568;1
309;310;1265664;1
310;311;1269760;1
311;312;1273856;1
312;313;1277952;1
313;314;1282048;1
314;315;1286144;1
315;316;1290240;1
316;317;1294336;1
317;318;1298432;1
318;319;1302528;1
319;320;1306624;1
320;321;1310720;1
321;337;1314816;16
322;337;1318912;15
323;337;1323008;14
324;337;1327104;13
325;337;1331200;12
326;337;1335296;11
327;337;1339392;10
328;337;1343488;9
329;337;1347584;8
330;337;1351680;7
331;337;1355776;6
332;337;1359872;5
333;337;1363968;4
334;337;1368064;3
335;337;1372160;2
336;337;1376256;1
337;353;1380352;16
338;353;1384448;15
339;353;1388544;14
340;353;1392640;13
341;353;1396736;12
342;353;1400832;11
343;353;1404928;10
344;353;1409024;9
345;353;1413120;8
346;353;1417216;7
347;353;1421312;6
348;353;1425408;5
349;353;1429504;4
350;353;1433600;3
351;353;1437696;2
352;353;1441792;1
353;369;1445888;16
354;369;1449984;15
355;369;1454080;14
356;369;1458176;13
357;369;1462272;12
358;369;1466368;11
359;369;1470464;10
360;369;1474560;9
361;369;1478656;8
362;369;1482752;7
363;369;1486848;6
364;369;1490944;5
365;369;1495040;4
366;369;1499136;3
367;369;1503232;2
368;369;1507328;1
369;385;1511424;16
370;385;1515520;15
371;385;1519616;14
372;385;1523712;13
373;385;1527808;12
374;385;1531904;11
375;385;1536000;10
376;385;1540096;9
377;385;1544192;8
378;385;1548288;7
379;385;1552384;6
380;385;1556480;5
381;385;1560576;4
382;385;1564672;3
383;385;1568768;2
384;385;1572864;1
385;401;1576960;16
386;401;1581056;15
387;401;1585152;14
388;401;1589248;13
389;401;1593344;12
390;401;1597440;11
391;401;1601536;10
392;401;1605632;9
393;401;1609728;8
394;401;1613824;7
395;401;1617920;6
396;401;1622016;5
397;401;1626112;4
398;401;1630208;3
399;401;1634304;2
400;401;1638400;1
401;417;1642496;16
402;417;1646592;15
403;417;1650688;14
404;417;1654784;13
405;417;1658880;12
406;417;1662976;11
407;417;1667072;10
408;417;1671168;9
409;417;1675264;8
410;417;1679360;7
411;417;1683456;6
412;417;1687552;5
413;417;1691648;4
414;417;1695744;3
415;417;1699840;2
416;417;1703936;1
417;433;1708032;16
418;433;1712128;15
419;433;1716224;14
420;433;1720320;13
421;433;1724416;12
422;433;1728512;11
423;433;1732608;10
424;433;1736704;9
425;433;1740800;8
426;433;1744896;7
427;433;1748992;6
428;433;1753088;5
429;433;1757184;4
430;433;1761280;3
431;433;1765376;2
432;433;1769472;1
433;449;1773568;16
434;449;1777664;15
435;449;1781760;14
436;449;1785856;13
437;449;1789952;12
438;449;1794048;11
439;449;1798144;10
440;449;1802240;9
441;449;1806336;8
442;449;1810432;7
443;449;1814528;6
444;449;1818624;5
445;449;1822720;4
446;449;1826816;3
447;449;1830912;2
448;449;1835008;1
449;465;1839104;16
450;465;1843200;15
451;465;1847296;14
452;465;1851392;13
453;465;1855488;12
454;465;1859584;11
455;465;1863680;10
456;465;1867776;9
457;465;1871872;8
458;465;1875968;7
459;465;1880064;6
460;465;1884160;5
461;465;1888256;4
462;465;1892352;3
463;465;1896448;2
464;465;1900544;1
465;481;1904640;16
466;481;1908736;15
467;481;1912832;14
468;481;1916928;13
469;481;1921024;12
470;481;1925120;11
471;481;1929216;10
472;481;1933312;9
473;481;1937408;8
474;481;1941504;7
475;481;1945600;6
476;481;1949696;5
477;481;1953792;4
478;481;1957888;3
479;481;1961984;2
480;481;1966080;1
481;497;1970176;16
482;497;1974272;15
483;497;1978368;14
484;497;1982464;13
485;497;1986560;12
486;497;1990656;11
487;497;1994752;10
488;497;1998848;9
489;497;2002944;8
490;497;2007040;7
491;497;2011136;6
492;497;2015232;5
493;497;2019328;4
494;497;2023424;3
495;497;2027520;2
496;497;2031616;1
497;513;2035712;16
498;513;2039808;15
499;513;2043904;14
500;513;2048000;13
501;513;2052096;12
502;513;2056192;11
503;513;2060288;10
504;513;2064384;9
505;513;2068480;8
506;513;2072576;7
507;513;2076672;6
508;513;2080768;5
509;513;2084864;4
510;513;2088960;3
511;513;2093056;2
512;513;2097152;1
513;529;2101248;16
514;529;2105344;15
515;529;2109440;14
516;529;2113536;13
517;529;2117632;12
518;529;2121728;11
519;529;2125824;10
520;529;2129920;9
521;529;2134016;8
522;529;2138112;7
523;529;2142208;6
524;529;2146304;5
525;529;2150400;4
526;529;2154496;3
527;529;2158592;2
528;529;2162688;1
529;545;2166784;16
530;545;2170880;15
531;545;2174976;14
532;545;2179072;13
533;545;2183168;12
534;545;2187264;11
535;545;2191360;10
536;545;2195456;9
537;545;2199552;8
538;545;2203648;7
539;545;2207744;6
540;545;2211840;5
541;545;2215936;4
542;545;2220032;3
543;545;2224128;2
544;545;2228224;1
545;561;2232320;16
546;561;2236416;15
547;561;2240512;14
548;561;2244608;13
549;561;2248704;12
550;561;2252800;11
551;561;2256896;10
552;561;2260992;9
553;561;2265088;8
554;561;2269184;7
555;561;2273280;6
556;561;2277376;5
557;561;2281472;4
558;561;2285568;3
559;561;2289664;2
560;561;2293760;1
561;577;2297856;16
562;577;2301952;15
563;577;2306048;14
564;577;2310144;13
565;577;2314240;12
566;577;2318336;11
567;577;2322432;10
568;577;2326528;9
569;577;2330624;8
570;577;2334720;7
571;577;2338816;6
572;577;2342912;5
573;577;2347008;4
574;577;2351104;3
575;577;2355200;2
576;577;2359296;1
577;593;2363392;16
578;593;2367488;15
579;593;2371584;14
580;593;2375680;13
581;593;2379776;12
582;593;2383872;11
583;593;2387968;10
584;593;2392064;9
585;593;2396160;8
586;593;2400256;7
587;593;2404352;6
588;593;2408448;5
589;593;2412544;4
590;593;2416640;3
591;593;2420736;2
592;593;2424832;1
593;609;2428928;16
594;609;2433024;15
595;609;2437120;14
596;609;2441216;13
597;609;2445312;12
598;609;2449408;11
599;609;2453504;10
600;609;2457600;9
601;609;2461696;8
602;609;2465792;7
603;609;2469888;6
604;609;2473984;5
605;609;2478080;4
606;609;2482176;3
607;609;2486272;2
608;609;2490368;1
609;625;2494464;16
610;625;2498560;15
611;625;2502656;14
612;625;2506752;13
613;625;2510848;12
614;625;2514944;11
615;625;2519040;10
616;625;2523136;9
617;625;2527232;8
618;625;2531328;7
619;625;2535424;6
620;625;2539520;5
621;625;2543616;4
622;625;2547712;3
623;625;2551808;2
624;625;2555904;1
625;641;2560000;16
626;641;2564096;15
627;641;2568192;14
628;641;2572288;13
629;641;2576384;12
630;641;2580480;11
631;641;2584576;10
632;641;2588672;9
633;641;2592768;8
634;641;2596864;7
635;641;2600960;6
636;641;2605056;5
637;641;2609152;4
638;641;2613248;3
639;641;2617344;2
640;641;2621440;1
641;657;2625536;16
642;657;2629632;15
643;657;2633728;14
644;657;2637824;13
645;657;2641920;12
646;657;2646016;11
647;657;2650112;10
648;657;2654208;9
649;657;2658304;8
650;657;2662400;7
651;657;2666496;6
652;657;2670592;5
653;657;2674688;4
654;657;2678784;3
655;657;2682880;2
656;657;2686976;1
657;673;2691072;16
658;673;2695168;15
659;673;2699264;14
660;673;2703360;13
661;673;2707456;12
662;673;2711552;11
663;673;2715648;10
664;673;2719744;9
665;673;2723840;8
666;673;2727936;7
667;673;2732032;6
668;673;2736128;5
669;673;2740224;4
670;673;2744320;3
671;673;2748416;2
672;673;2752512;1
673;689;2756608;16
674;689;2760704;15
675;689;2764800;14
676;689;2768896;13
677;689;2772992;12
678;689;2777088;11
679;689;2781184;10
680;689;2785280;9
681;689;2789376;8
682;689;2793472;7
683;689;2797568;6
684;689;2801664;5
685;689;2805760;4
686;689;2809856;3
687;689;2813952;2
688;689;2818048;1
689;705;2822144;16
690;705;2826240;15
691;705;2830336;14
692;705;2834432;13
693;705;2838528;12
694;705;2842624;11
695;705;2846720;10
696;705;2850816;9
697;705;2854912;8
698;705;2859008;7
699;705;2863104;6
700;705;2867200;5
701;705;2871296;4
702;705;2875392;3
703;705;2879488;2
704;705;2883584;1
705;721;2887680;16
706;721;2891776;15
707;721;2895872;14
708;721;2899968;13
709;721;2904064;12
710;721;2908160;11
711;721;2912256;10
712;721;2916352;9
713;721;2920448;8
714;721;2924544;7
715;721;2928640;6
716;721;2932736;5
717;721;2936832;4
718;721;2940928;3
719;721;2945024;2
720;721;2949120;1
721;737;2953216;16
722;737;2957312;15
723;737;2961408;14
724;737;2965504;13
725;737;2969600;12
726;737;2973696;11
727;737;2977792;10
728;737;2981888;9
729;737;2985984;8
730;737;2990080;7
731;737;2994176;6
732;737;2998272;5
733;737;3002368;4
734;737;3006464;3
735;737;3010560;2
736;737;3014656;1
737;753;3018752;16
738;753;3022848;15
739;753;3026944;14
740;753;3031040;13
741;753;3035136;12
742;753;3039232;11
743;753;3043328;10
744;753;3047424;9
745;753;3051520;8
746;753;3055616;7
747;753;3059712;6
748;753;3063808;5
749;753;3067904;4
750;753;3072000;3
751;753;3076096;2
752;753;3080192;1
753;769;3084288;16
754;769;3088384;15
755;769;3092480;14
756;769;3096576;13
757;769;3100672;12
758;769;3104768;11
759;769;3108864;10
760;769;3112960;9
761;769;3117056;8
762;769;3121152;7
763;769;3125248;6
764;769;3129344;5
765;769;3133440;4
766;769;3137536;3
767;769;3141632;2
768;769;3145728;1
769;785;3149824;16
770;785;3153920;15
771;785;3158016;14
772;785;3162112;13
773;785;3166208;12
774;785;3170304;11
775;785;3174400;10
776;785;3178496;9
777;785;3182592;8
778;785;3186688;7
779;785;3190784;6
780;785;3194880;5
781;785;3198976;4
782;785;3203072;3
783;785;3207168;2
784;785;3211264;1
785;801;3215360;16
786;801;3219456;15
787;801;3223552;14
788;801;3227648;13
789;801;3231744;12
790;801;3235840;11
791;801;3239936;10
792;801;3244032;9
793;801;3248128;8
794;801;3252224;7
795;801;3256320;6
796;801;3260416;5
797;801;3264512;4
798;801;3268608;3
799;801;3272704;2
800;801;3276800;1
801;817;3280896;16
802;817;3284992;15
803;817;3289088;14
804;817;3293184;13
805;817;3297280;12
806;817;3301376;11
807;817;3305472;10
808;817;3309568;9
809;817;3313664;8
810;817;3317760;7
811;817;3321856;6
812;817;3325952;5
813;817;3330048;4
814;817;3334144;3
815;817;3338240;2
816;817;3342336;1
817;819;3346432;2
818;820;3350528;2
819;821;3354624;2
820;822;3358720;2
821;823;3362816;2
822;824;3366912;2
823;825;3371008;2
824;826;3375104;2
825;827;3379200;2
826;828;3383296;2
827;829;3387392;2
828;830;3391488;2
829;831;3395584;2
830;832;3399680;2
831;833;3403776;2
832;834;3407872;2
833;850;3411968;17
834;850;3416064;16
835;850;3420160;15
836;850;3424256;14
837;850;3428352;13
838;850;3432448;12
839;850;3436544;11
840;850;3440640;10
841;850;3444736;9
842;850;3448832;8
843;850;3452928;7
844;850;3457024;6
845;850;3461120;5
846;850;3465216;4
847;850;3469312;3
848;850;3473408;2
849;866;3477504;17
850;866;3481600;16
851;866;3485696;15
852;866;3489792;14
853;866;3493888;13
854;866;3497984;12
855;866;3502080;11
856;866;3506176;10
857;866;3510272;9
858;866;3514368;8
859;866;3518464;7
860;866;3522560;6
861;866;3526656;5
862;866;3530752;4
863;866;3534848;3
864;866;3538944;2
865;882;3543040;17
866;882;3547136;16
867;882;3551232;15
868;882;3555328;14
869;882;3559424;13
870;882;3563520;12
871;882;3567616;11
872;882;3571712;10
873;882;3575808;9
874;882;3579904;8
875;882;3584000;7
876;882;3588096;6
877;882;3592192;5
878;882;3596288;4
879;882;3600384;3
880;882;3604480;2
881;898;3608576;17
882;898;3612672;16
883;898;3616768;15
884;898;3620864;14
885;898;3624960;13
886;898;3629056;12
887;898;3633152;11
888;898;3637248;10
889;898;3641344;9
890;898;3645440;8
891;898;3649536;7
892;898;3653632;6
893;898;3657728;5
894;898;3661824;4
895;898;3665920;3
896;898;3670016;2
897;914;3674112;17
898;914;3678208;16
899;914;3682304;15
900;914;3686400;14
901;914;3690496;13
902;914;3694592;12
903;914;3698688;11
904;914;3702784;10
905;914;3706880;9
906;914;3710976;8
907;914;3715072;7
908;914;3719168;6
909;914;3723264;5
910;914;3727360;4
911;914;3731456;3
912;914;3735552;2
913;930;3739648;17
914;930;3743744;16
915;930;3747840;15
916;930;3751936;14
917;930;3756032;13
918;930;3760128;12
919;930;3764224;11
920;930;3768320;10
921;930;3772416;9
922;930;3776512;8
923;930;3780608;7
924;930;3784704;6
925;930;3788800;5
926;930;3792896;4
927;930;3796992;3
928;930;3801088;2
929;946;3805184;17
930;946;3809280;16
931;946;3813376;15
932;946;3817472;14
933;946;3821568;13
934;946;3825664;12
935;946;3829760;11
936;946;3833856;10
937;946;3837952;9
938;946;3842048;8
939;946;3846144;7
940;946;3850240;6
941;946;3854336;5
942;946;3858432;4
943;946;3862528;3
944;946;3866624;2
945;962;3870720;17
946;962;3874816;16
947;962;3878912;15
948;962;3883008;14
949;962;3887104;13
950;962;3891200;12
951;962;3895296;11
952;962;3899392;10
953;962;3903488;9
954;962;3907584;8
955;962;3911680;7
956;962;3915776;6
957;962;3919872;5
958;962;3923968;4
959;962;3928064;3
960;962;3932160;2
961;978;3936256;17
962;978;3940352;16
963;978;3944448;15
964;978;3948544;14
965;978;3952640;13
966;978;3956736;12
967;978;3960832;11
968;978;3964928;10
969;978;3969024;9
970;978;3973120;8
971;978;3977216;7
972;978;3981312;6
973;978;3985408;5
974;978;3989504;4
975;978;3993600;3
976;978;3997696;2
977;994;4001792;17
978;994;4005888;16
979;994;4009984;15
980;994;4014080;14
981;994;4018176;13
982;994;4022272;12
983;994;4026368;11
984;994;4030464;10
985;994;4034560;9
986;994;4038656;8
987;994;4042752;7
988;994;4046848;6
989;994;4050944;5
990;994;4055040;4
991;994;4059136;3
992;994;4063232;2
993;1010;4067328;17
994;1010;4071424;16
995;1010;4075520;15
996;1010;4079616;14
997;1010;4083712;13
998;1010;4087808;12
999;1010;4091904;11
1000;1010;4096000;10
1001;1010;4100096;9
1002;1010;4104192;8
1003;1010;4108288;7
1004;1010;4112384;6
1005;1010;4116480;5
1006;1010;4120576;4
1007;1010;4124672;3
1008;1010;4128768;2
1009;1026;4132864;17
1010;1026;4136960;16
1011;1026;4141056;15
1012;1026;4145152;14
1013;1026;4149248;13
1014;1026;4153344;12
1015;1026;4157440;11
1016;1026;4161536;10
1017;1026;4165632;9
1018;1026;4169728;8
1019;1026;4173824;7
1020;1026;4177920;6
1021;1026;4182016;5
1022;1026;4186112;4
1023;1026;4190208;3
1024;1026;4194304;2
1025;1042;4198400;17
1026;1042;4202496;16
1027;1042;4206592;15
1028;1042;4210688;14
1029;1042;4214784;13
1030;1042;4218880;12
1031;1042;4222976;11
1032;1042;4227072;10
1033;1042;4231168;9
1034;1042;4235264;8
1035;1042;4239360;7
1036;1042;4243456;6
1037;1042;4247552;5
1038;1042;4251648;4
1039;1042;4255744;3
1040;1042;4259840;2
1041;1058;4263936;17
1042;1058;4268032;16
1043;1058;4272128;15
1044;1058;4276224;14
1045;1058;4280320;13
1046;1058;4284416;12
1047;1058;4288512;11
1048;1058;4292608;10
1049;1058;4296704;9
1050;1058;4300800;8
1051;1058;4304896;7
1052;1058;4308992;6
1053;1058;4313088;5
1054;1058;4317184;4
1055;1058;4321280;3
1056;1058;4325376;2
1057;1074;4329472;17
1058;1074;4333568;16
1059;1074;4337664;15
1060;1074;4341760;14
1061;1074;4345856;13
1062;1074;4349952;12
1063;1074;4354048;11
1064;1074;4358144;10
1065;1074;4362240;9
1066;1074;4366336;8
1067;1074;4370432;7
1068;1074;4374528;6
1069;1074;4378624;5
1070;1074;4382720;4
1071;1074;4386816;3
1072;1074;4390912;2
1073;1090;4395008;17
1074;1090;4399104;16
1075;1090;4403200;15
1076;1090;4407296;14
1077;1090;4411392;13
1078;1090;4415488;12
1079;1090;4419584;11
1080;1090;4423680;10
1081;1090;4427776;9
1082;1090;4431872;8
1083;1090;4435968;7
1084;1090;4440064;6
1085;1090;4444160;5
1086;1090;4448256;4
1087;1090;4452352;3
1088;1090;4456448;2
1089;1106;4460544;17
1090;1106;4464640;16
1091;1106;4468736;15
1092;1106;4472832;14
1093;1106;4476928;13
1094;1106;4481024;12
1095;1106;4485120;11
1096;1106;4489216;10
1097;1106;4493312;9
1098;1106;4497408;8
1099;1106;4501504;7
1100;1106;4505600;6
1101;1106;4509696;5
1102;1106;4513792;4
1103;1106;4517888;3
1104;1106;4521984;2
1105;1122;4526080;17
1106;1122;4530176;16
1107;1122;4534272;15
1108;1122;4538368;14
1109;1122;4542464;13
1110;1122;4546560;12
1111;1122;4550656;11
1112;1122;4554752;10
1113;1122;4558848;9
1114;1122;4562944;8
1115;1122;4567040;7
1116;1122;4571136;6
1117;1122;4575232;5
1118;1122;4579328;4
1119;1122;4583424;3
1120;1122;4587520;2
1121;1138;4591616;17
1122;1138;4595712;16
1123;1138;4599808;15
1124;1138;4603904;14
1125;1138;4608000;13
1126;1138;4612096;12
1127;1138;4616192;11
1128;1138;4620288;10
1129;1138;4624384;9
1130;1138;4628480;8
1131;1138;4632576;7
1132;1138;4636672;6
1133;1138;4640768;5
1134;1138;4644864;4
1135;1138;4648960;3
1136;1138;4653056;2
1137;1154;4657152;17
1138;1154;4661248;16
1139;1154;4665344;15
1140;1154;4669440;14
1141;1154;4673536;13
1142;1154;4677632;12
1143;1154;4681728;11
1144;1154;4685824;10
1145;1154;4689920;9
1146;1154;4694016;8
1147;1154;4698112;7
1148;1154;4702208;6
1149;1154;4706304;5
1150;1154;4710400;4
1151;1154;4714496;3
1152;1154;4718592;2
1153;1170;4722688;17
1154;1170;4726784;16
1155;1170;4730880;15
1156;1170;4734976;14
1157;1170;4739072;13
1158;1170;4743168;12
1159;1170;4747264;11
1160;1170;4751360;10
1161;1170;4755456;9
1162;1170;4759552;8
1163;1170;4763648;7
1164;1170;4767744;6
1165;1170;4771840;5
1166;1170;4775936;4
1167;1170;4780032;3
1168;1170;4784128;2
1169;1186;4788224;17
1170;1186;4792320;16
1171;1186;4796416;15
1172;1186;4800512;14
1173;1186;4804608;13
1174;1186;4808704;12
1175;1186;4812800;11
1176;1186;4816896;10
1177;1186;4820992;9
1178;1186;4825088;8
1179;1186;4829184;7
1180;1186;4833280;6
1181;1186;4837376;5
1182;1186;4841472;4
1183;1186;4845568;3
1184;1186;4849664;2
1185;1202;4853760;17
1186;1202;4857856;16
1187;1202;4861952;15
1188;1202;4866048;14
1189;1202;4870144;13
1190;1202;4874240;12
1191;1202;4878336;11
1192;1202;4882432;10
1193;1202;4886528;9
1194;1202;4890624;8
1195;1202;4894720;7
1196;1202;4898816;6
1197;1202;4902912;5
1198;1202;4907008;4
1199;1202;4911104;3
1200;1202;4915200;2
1201;1218;4919296;17
1202;1218;4923392;16
1203;1218;4927488;15
1204;1218;4931584;14
1205;1218;4935680;13
1206;1218;4939776;12
1207;1218;4943872;11
1208;1218;4947968;10
1209;1218;4952064;9
1210;1218;4956160;8
1211;1218;4960256;7
1212;1218;4964352;6
1213;1218;4968448;5
1214;1218;4972544;4
1215;1218;4976640;3
1216;1218;4980736;2
1217;1234;4984832;17
1218;1234;4988928;16
1219;1234;4993024;15
1220;1234;4997120;14
1221;1234;5001216;13
1222;1234;5005312;12
1223;1234;5009408;11
1224;1234;5013504;10
1225;1234;5017600;9
1226;1234;5021696;8
1227;1234;5025792;7
1228;1234;5029888;6
1229;1234;5033984;5
1230;1234;5038080;4
1231;1234;5042176;3
1232;1234;5046272;2
1233;1250;5050368;17
1234;1250;5054464;16
1235;1250;5058560;15
1236;1250;5062656;14
1237;1250;5066752;13
1238;1250;5070848;12
1239;1250;5074944;11
1240;1250;5079040;10
1241;1250;5083136;9
1242;1250;5087232;8
1243;1250;5091328;7
1244;1250;5095424;6
1245;1250;5099520;5
1246;1250;5103616;4
1247;1250;5107712;3
1248;1250;5111808;2
1249;1266;5115904;17
1250;1266;5120000;16
1251;1266;5124096;15
1252;1266;5128192;14
1253;1266;5132288;13
1254;1266;5136384;12
1255;1266;5140480;11
1256;1266;5144576;10
1257;1266;5148672;9
1258;1266;5152768;8
1259;1266;5156864;7
1260;1266;5160960;6
1261;1266;5165056;5
1262;1266;5169152;4
1263;1266;5173248;3
1264;1266;5177344;2
1265;1282;5181440;17
1266;1282;5185536;16
1267;1282;5189632;15
1268;1282;5193728;14
1269;1282;5197824;13
1270;1282;5201920;12
1271;1282;5206016;11
1272;1282;5210112;10
1273;1282;5214208;9
1274;1282;5218304;8
1275;1282;5222400;7
1276;1282;5226496;6
1277;1282;5230592;5
1278;1282;5234688;4
1279;1282;5238784;3
1280;1282;5242880;2
1281;1298;5246976;17
1282;1298;5251072;16
1283;1298;5255168;15
1284;1298;5259264;14
1285;1298;5263360;13
1286;1298;5267456;12
1287;1298;5271552;11
1288;1298;5275648;10
1289;1298;5279744;9
1290;1298;5283840;8
1291;1298;5287936;7
1292;1298;5292032;6
1293;1298;5296128;5
1294;1298;5300224;4
1295;1298;5304320;3
1296;1298;5308416;2
1297;1314;5312512;17
1298;1314;5316608;16
1299;1314;5320704;15
1300;1314;5324800;14
1301;1314;5328896;13
1302;1314;5332992;12
1303;1314;5337088;11
1304;1314;5341184;10
1305;1314;5345280;9
1306;1314;5349376;8
1307;1314;5353472;7
1308;1314;5357568;6
1309;1314;5361664;5
1310;1314;5365760;4
1311;1314;5369856;3
1312;1314;5373952;2
1313;1330;5378048;17
1314;1330;5382144;16
1315;1330;5386240;15
1316;1330;5390336;14
1317;1330;5394432;13
1318;1330;5398528;12
1319;1330;5402624;11
1320;1330;5406720;10
1321;1330;5410816;9
1322;1330;5414912;8
1323;1330;5419008;7
1324;1330;5423104;6
1325;1330;5427200;5
1326;1330;5431296;4
1327;1330;5435392;3
1328;1330;5439488;2
1329;1332;5443584;3
1330;1333;5447680;3
1331;1334;5451776;3
1332;1335;5455872;3
1333;1336;5459968;3
1334;1337;5464064;3
1335;1338;5468160;3
1336;1339;5472256;3
1337;1340;5476352;3
1338;1341;5480448;3
1339;1342;5484544;3
1340;1343;5488640;3
1341;1344;5492736;3
1342;1345;5496832;3
1343;1346;5500928;3
1344;1347;5505024;3
1345;1363;5509120;18
1346;1363;5513216;17
1347;1363;5517312;16
1348;1363;5521408;15
1349;1363;5525504;14
1350;1363;5529600;13
1351;1363;5533696;12
1352;1363;5537792;11
1353;1363;5541888;10
1354;1363;5545984;9
1355;1363;5550080;8
1356;1363;5554176;7
1357;1363;5558272;6
1358;1363;5562368;5
1359;1363;5566464;4
1360;1363;5570560;3
1361;1379;5574656;18
1362;1379;5578752;17
1363;1379;5582848;16
1364;1379;5586944;15
1365;1379;5591040;14
1366;1379;5595136;13
1367;1379;5599232;12
1368;1379;5603328;11
1369;1379;5607424;10
1370;1379;5611520;9
1371;1379;5615616;8
1372;1379;5619712;7
1373;1379;5623808;6
1374;1379;5627904;5
1375;1379;5632000;4
1376;1379;5636096;3
1377;1395;5640192;18
1378;1395;5644288;17
1379;1395;5648384;16
1380;1395;5652480;15
1381;1395;5656576;14
1382;1395;5660672;13
1383;1395;5664768;12
1384;1395;5668864;11
1385;1395;5672960;10
1386;1395;5677056;9
1387;1395;5681152;8
1388;1395;5685248;7
1389;1395;5689344;6
1390;1395;5693440;5
1391;1395;5697536;4
1392;1395;5701632;3
1393;1411;5705728;18
1394;1411;5709824;17
1395;1411;5713920;16
1396;1411;5718016;15
1397;1411;5722112;14
1398;1411;5726208;13
1399;1411;5730304;12
1400;1411;5734400;11
1401;1411;5738496;10
1402;1411;5742592;9
1403;1411;5746688;8
1404;1411;5750784;7
1405;1411;5754880;6
1406;1411;5758976;5
1407;1411;5763072;4
1408;1411;5767168;3
1409;1427;5771264;18
1410;1427;5775360;17
1411;1427;5779456;16
1412;1427;5783552;15
1413;1427;5787648;14
1414;1427;5791744;13
1415;1427;5795840;12
1416;1427;5799936;11
1417;1427;5804032;10
1418;1427;5808128;9
1419;1427;5812224;8
1420;1427;5816320;7
1421;1427;5820416;6
1422;1427;5824512;5
1423;1427;5828608;4
1424;1427;5832704;3
1425;1443;5836800;18
1426;1443;5840896;17
1427;1443;5844992;16
1428;1443;5849088;15
1429;1443;5853184;14
1430;1443;5857280;13
1431;1443;5861376;12
1432;1443;5865472;11
1433;1443;5869568;10
1434;1443;5873664;9
1435;1443;5877760;8
1436;1443;5881856;7
1437;1443;5885952;6
1438;1443;5890048;5
1439;1443;5894144;4
1440;1443;5898240;3
1441;1459;5902336;18
1442;1459;5906432;17
1443;1459;5910528;16
1444;1459;5914624;15
1445;1459;5918720;14
1446;1459;5922816;13
1447;1459;5926912;12
1448;1459;5931008;11
1449;1459;5935104;10
1450;1459;5939200;9
1451;1459;5943296;8
1452;1459;5947392;7
1453;1459;5951488;6
1454;1459;5955584;5
1455;1459;5959680;4
1456;1459;5963776;3
1457;1475;5967872;18
1458;1475;5971968;17
1459;1475;5976064;16
1460;1475;5980160;15
1461;1475;5984256;14
1462;1475;5988352;13
1463;1466;5992448;3
1464;1475;5996544;11
1465;1475;6000640;10
1466;1475;6004736;9
1467;1475;6008832;8
1468;1475;6012928;7
1469;1475;6017024;6
1470;1475;6021120;5
1471;1475;6025216;4
1472;1475;6029312;3
1473;1491;6033408;18
1474;1491;6037504;17
1475;1491;6041600;16
1476;1491;6045696;15
1477;1491;6049792;14
1478;1491;6053888;13
1479;1491;6057984;12
1480;1491;6062080;11
1481;1491;6066176;10
1482;1491;6070272;9
1483;1491;6074368;8
1484;1491;6078464;7
1485;1491;6082560;6
1486;1491;6086656;5
1487;1491;6090752;4
1488;1491;6094848;3
1489;1507;6098944;18
1490;1507;6103040;17
1491;1507;6107136;16
1492;1507;6111232;15
1493;1507;6115328;14
1494;1507;6119424;13
1495;1507;6123520;12
1496;1507;6127616;11
1497;1507;6131712;10
1498;1507;6135808;9
1499;1507;6139904;8
1500;1507;6144000;7
1501;1507;6148096;6
1502;1507;6152192;5
1503;1507;6156288;4
1504;1507;6160384;3
1505;1523;6164480;18
1506;1523;6168576;17
1507;1523;6172672;16
1508;1523;6176768;15
1509;1523;6180864;14
1510;1523;6184960;13
1511;1523;6189056;12
1512;1523;6193152;11
1513;1523;6197248;10
1514;1523;6201344;9
1515;1523;6205440;8
1516;1523;6209536;7
1517;1523;6213632;6
1518;1523;6217728;5
1519;1523;6221824;4
1520;1523;6225920;3
1521;1539;6230016;18
1522;1539;6234112;17
1523;1539;6238208;16
1524;1539;6242304;15
1525;1539;6246400;14
1526;1539;6250496;13
1527;1539;6254592;12
1528;1539;6258688;11
1529;1539;6262784;10
1530;1539;6266880;9
1531;1539;6270976;8
1532;1539;6275072;7
1533;1539;6279168;6
1534;1539;6283264;5
1535;1539;6287360;4
1536;1539;6291456;3
1537;1555;6295552;18
1538;1555;6299648;17
1539;1555;6303744;16
1540;1555;6307840;15
1541;1555;6311936;14
1542;1555;6316032;13
1543;1555;6320128;12
1544;1555;6324224;11
1545;1555;6328320;10
1546;1555;6332416;9
1547;1555;6336512;8
1548;1555;6340608;7
1549;1555;6344704;6
1550;1555;6348800;5
1551;1555;6352896;4
1552;1555;6356992;3
1553;1571;6361088;18
1554;1571;6365184;17
1555;1571;6369280;16
1556;1571;6373376;15
1557;1571;6377472;14
1558;1571;6381568;13
1559;1571;6385664;12
1560;1571;6389760;11
1561;1571;6393856;10
1562;1571;6397952;9
1563;1571;6402048;8
1564;1571;6406144;7
1565;1571;6410240;6
1566;1571;6414336;5
1567;1571;6418432;4
1568;1571;6422528;3
1569;1587;6426624;18
1570;1587;6430720;17
1571;1587;6434816;16
1572;1587;6438912;15
1573;1587;6443008;14
1574;1587;6447104;13
1575;1587;6451200;12
1576;1587;6455296;11
1577;1587;6459392;10
1578;1587;6463488;9
1579;1587;6467584;8
1580;1587;6471680;7
1581;1587;6475776;6
1582;1587;6479872;5
1583;1587;6483968;4
1584;1587;6488064;3
1585;1603;6492160;18
1586;1603;6496256;17
1587;1603;6500352;16
1588;1603;6504448;15
1589;1603;6508544;14
1590;1603;6512640;13
1591;1603;6516736;12
1592;1603;6520832;11
1593;1603;6524928;10
1594;1603;6529024;9
1595;1603;6533120;8
1596;1603;6537216;7
1597;1603;6541312;6
1598;1603;6545408;5
1599;1603;6549504;4
1600;1603;6553600;3
1601;1619;6557696;18
1602;1619;6561792;17
1603;1619;6565888;16
1604;1619;6569984;15
1605;1619;6574080;14
1606;1619;6578176;13
1607;1619;6582272;12
1608;1619;6586368;11
1609;1619;6590464;10
1610;1619;6594560;9
1611;1619;6598656;8
1612;1619;6602752;7
1613;1619;6606848;6
1614;1619;6610944;5
1615;1619;6615040;4
1616;1619;6619136;3
1617;1635;6623232;18
1618;1635;6627328;17
1619;1635;6631424;16
1620;1635;6635520;15
1621;1635;6639616;14
1622;1635;6643712;13
1623;1635;6647808;12
1624;1635;6651904;11
1625;1635;6656000;10
1626;1635;6660096;9
1627;1635;6664192;8
1628;1635;6668288;7
1629;1632;6672384;3
1630;1635;6676480;5
1631;1635;6680576;4
1632;1635;6684672;3
1633;1651;6688768;18
1634;1651;6692864;17
1635;1651;6696960;16
1636;1651;6701056;15
1637;1651;6705152;14
1638;1651;6709248;13
1639;1651;6713344;12
1640;1651;6717440;11
1641;1651;6721536;10
1642;1651;6725632;9
1643;1651;6729728;8
1644;1651;6733824;7
1645;1651;6737920;6
1646;1649;6742016;3
1647;1651;6746112;4
1648;1651;6750208;3
1649;1667;6754304;18
1650;1667;6758400;17
1651;1667;6762496;16
1652;1667;6766592;15
1653;1667;6770688;14
1654;1667;6774784;13
1655;1667;6778880;12
1656;1667;6782976;11
1657;1667;6787072;10
1658;1667;6791168;9
1659;1667;6795264;8
1660;1667;6799360;7
1661;1667;6803456;6
1662;1667;6807552;5
1663;1667;6811648;4
1664;1667;6815744;3
1665;1683;6819840;18
1666;1683;6823936;17
1667;1683;6828032;16
1668;1683;6832128;15
1669;1683;6836224;14
1670;1683;6840320;13
1671;1683;6844416;12
1672;1683;6848512;11
1673;1683;6852608;10
1674;1683;6856704;9
1675;1683;6860800;8
1676;1683;6864896;7
1677;1683;6868992;6
1678;1683;6873088;5
1679;1683;6877184;4
1680;1683;6881280;3
1681;1699;6885376;18
1682;1699;6889472;17
1683;1699;6893568;16
1684;1699;6897664;15
1685;1699;6901760;14
1686;1699;6905856;13
1687;1699;6909952;12
1688;1699;6914048;11
1689;1699;6918144;10
1690;1699;6922240;9
1691;1699;6926336;8
1692;1699;6930432;7
1693;1699;6934528;6
1694;1699;6938624;5
1695;1699;6942720;4
1696;1699;6946816;3
1697;1715;6950912;18
1698;1715;6955008;17
1699;1715;6959104;16
1700;1715;6963200;15
1701;1715;6967296;14
1702;1715;6971392;13
1703;1715;6975488;12
1704;1715;6979584;11
1705;1715;6983680;10
1706;1715;6987776;9
1707;1715;6991872;8
1708;1715;6995968;7
1709;1715;7000064;6
1710;1715;7004160;5
1711;1715;7008256;4
1712;1715;7012352;3
1713;1731;7016448;18
1714;1731;7020544;17
1715;1731;7024640;16
1716;1731;7028736;15
1717;1731;7032832;14
1718;1731;7036928;13
1719;1731;7041024;12
1720;1731;7045120;11
1721;1731;7049216;10
1722;1731;7053312;9
1723;1731;7057408;8
1724;1731;7061504;7
1725;1731;7065600;6
1726;1731;7069696;5
1727;1731;7073792;4
1728;1731;7077888;3
1729;1747;7081984;18
1730;1747;7086080;17
1731;1747;7090176;16
1732;1747;7094272;15
1733;1747;7098368;14
1734;1747;7102464;13
1735;1747;7106560;12
1736;1747;7110656;11
1737;1747;7114752;10
1738;1747;7118848;9
1739;1747;7122944;8
1740;1747;7127040;7
1741;1747;7131136;6
1742;1747;7135232;5
1743;1747;7139328;4
1744;1747;7143424;3
1745;1763;7147520;18
1746;1763;7151616;17
1747;1763;7155712;16
1748;1763;7159808;15
1749;1763;7163904;14
1750;1763;7168000;13
1751;1763;7172096;12
1752;1763;7176192;11
1753;1763;7180288;10
1754;1763;7184384;9
1755;1763;7188480;8
1756;1763;7192576;7
1757;1763;7196672;6
1758;1763;7200768;5
1759;1763;7204864;4
1760;1763;7208960;3
1761;1779;7213056;18
1762;1779;7217152;17
1763;1779;7221248;16
1764;1779;7225344;15
1765;1779;7229440;14
1766;1779;7233536;13
1767;1779;7237632;12
1768;1779;7241728;11
1769;1779;7245824;10
1770;1779;7249920;9
1771;1779;7254016;8
1772;1779;7258112;7
1773;1779;7262208;6
1774;1779;7266304;5
1775;1779;7270400;4
1776;1779;7274496;3
1777;1795;7278592;18
1778;1795;7282688;17
1779;1795;7286784;16
1780;1795;7290880;15
1781;1795;7294976;14
1782;1795;7299072;13
1783;1795;7303168;12
1784;1795;7307264;11
1785;1795;7311360;10
1786;1795;7315456;9
1787;1795;7319552;8
1788;1795;7323648;7
1789;1795;7327744;6
1790;1795;7331840;5
1791;1795;7335936;4
1792;1795;7340032;3
1793;1811;7344128;18
1794;1811;7348224;17
1795;1811;7352320;16
1796;1811;7356416;15
1797;1811;7360512;14
1798;1811;7364608;13
1799;1811;7368704;12
1800;1811;7372800;11
1801;1811;7376896;10
1802;1811;7380992;9
1803;1811;7385088;8
1804;1811;7389184;7
1805;1811;7393280;6
1806;1811;7397376;5
1807;1811;7401472;4
1808;1811;7405568;3
1809;1827;7409664;18
1810;1827;7413760;17
1811;1827;7417856;16
1812;1827;7421952;15
1813;1827;7426048;14
1814;1827;7430144;13
1815;1827;7434240;12
1816;1827;7438336;11
1817;1827;7442432;10
1818;1827;7446528;9
1819;1827;7450624;8
1820;1827;7454720;7
1821;1827;7458816;6
1822;1827;7462912;5
1823;1827;7467008;4
1824;1827;7471104;3
1825;1843;7475200;18
1826;1843;7479296;17
1827;1843;7483392;16
1828;1843;7487488;15
1829;1843;7491584;14
1830;1843;7495680;13
1831;1843;7499776;12
1832;1843;7503872;11
1833;1843;7507968;10
1834;1843;7512064;9
1835;1843;7516160;8
1836;1843;7520256;7
1837;1843;7524352;6
1838;1843;7528448;5
1839;1843;7532544;4
1840;1843;7536640;3
1841;1845;7540736;4
1842;1846;7544832;4
1843;1847;7548928;4
1844;1848;7553024;4
1845;1849;7557120;4
1846;1850;7561216;4
1847;1851;7565312;4
1848;1852;7569408;4
1849;1853;7573504;4
1850;1854;7577600;4
1851;1855;7581696;4
1852;1856;7585792;4
1853;1857;7589888;4
1854;1858;7593984;4
1855;1859;7598080;4
1856;1860;7602176;4
1857;1876;7606272;19
1858;1876;7610368;18
1859;1876;7614464;17
1860;1876;7618560;16
1861;1876;7622656;15
1862;1876;7626752;14
1863;1876;7630848;13
1864;1876;7634944;12
1865;1876;7639040;11
1866;1876;7643136;10
1867;1876;7647232;9
1868;1876;7651328;8
1869;1876;7655424;7
1870;1876;7659520;6
1871;1876;7663616;5
1872;1876;7667712;4
1873;1892;7671808;19
1874;1892;7675904;18
1875;1892;7680000;17
1876;1892;7684096;16
1877;1892;7688192;15
1878;1892;7692288;14
1879;1892;7696384;13
1880;1892;7700480;12
1881;1892;7704576;11
1882;1892;7708672;10
1883;1892;7712768;9
1884;1892;7716864;8
1885;1892;7720960;7
1886;1892;7725056;6
1887;1892;7729152;5
1888;1892;7733248;4
1889;1908;7737344;19
1890;1908;7741440;18
1891;1908;7745536;17
1892;1908;7749632;16
1893;1908;7753728;15
1894;1908;7757824;14
1895;1908;7761920;13
1896;1908;7766016;12
1897;1908;7770112;11
1898;1908;7774208;10
1899;1908;7778304;9
1900;1908;7782400;8
1901;1908;7786496;7
1902;1908;7790592;6
1903;1908;7794688;5
1904;1908;7798784;4
1905;1924;7802880;19
1906;1924;7806976;18
1907;1924;7811072;17
1908;1924;7815168;16
1909;1924;7819264;15
1910;1924;7823360;14
1911;1924;7827456;13
1912;1924;7831552;12
1913;1924;7835648;11
1914;1924;7839744;10
1915;1924;7843840;9
1916;1924;7847936;8
1917;1924;7852032;7
1918;1924;7856128;6
1919;1924;7860224;5
1920;1924;7864320;4
1921;1940;7868416;19
1922;1940;7872512;18
1923;1940;7876608;17
1924;1940;7880704;16
1925;1940;7884800;15
1926;1940;7888896;14
1927;1940;7892992;13
1928;1940;7897088;12
1929;1940;7901184;11
1930;1940;7905280;10
1931;1940;7909376;9
1932;1940;7913472;8
1933;1940;7917568;7
1934;1940;7921664;6
1935;1940;7925760;5
1936;1940;7929856;4
1937;1956;7933952;19
1938;1956;7938048;18
1939;1956;7942144;17
1940;1956;7946240;16
1941;1956;7950336;15
1942;1956;7954432;14
1943;1956;7958528;13
1944;1956;7962624;12
1945;1956;7966720;11
1946;1956;7970816;10
1947;1956;7974912;9
1948;1956;7979008;8
1949;1956;7983104;7
1950;1956;7987200;6
1951;1956;7991296;5
1952;1956;7995392;4
1953;1972;7999488;19
1954;1972;8003584;18
1955;1972;8007680;17
1956;1972;8011776;16
1957;1972;8015872;15
1958;1972;8019968;14
1959;1972;8024064;13
1960;1972;8028160;12
1961;1972;8032256;11
1962;1972;8036352;10
1963;1972;8040448;9
1964;1972;8044544;8
1965;1972;8048640;7
1966;1972;8052736;6
1967;1972;8056832;5
1968;1972;8060928;4
1969;1988;8065024;19
1970;1988;8069120;18
1971;1988;8073216;17
1972;1988;8077312;16
1973;1988;8081408;15
1974;1988;8085504;14
1975;1988;8089600;13
1976;1988;8093696;12
1977;1988;8097792;11
1978;1988;8101888;10
1979;1988;8105984;9
1980;1988;8110080;8
1981;1988;8114176;7
1982;1988;8118272;6
1983;1988;8122368;5
1984;1988;8126464;4
1985;2004;8130560;19
1986;2004;8134656;18
1987;2004;8138752;17
1988;2004;8142848;16
1989;2004;8146944;15
1990;2004;8151040;14
1991;2004;8155136;13
1992;2004;8159232;12
1993;2004;8163328;11
1994;2004;8167424;10
1995;2004;8171520;9
1996;2004;8175616;8
1997;2004;8179712;7
1998;2004;8183808;6
1999;2004;8187904;5
2000;2004;8192000;4
2001;2020;8196096;19
2002;2020;8200192;18
2003;2020;8204288;17
2004;2020;8208384;16
2005;2020;8212480;15
2006;2020;8216576;14
2007;2020;8220672;13
2008;2020;8224768;12
2009;2020;8228864;11
2010;2020;8232960;10
2011;2020;8237056;9
2012;2020;8241152;8
2013;2020;8245248;7
2014;2020;8249344;6
2015;2020;8253440;5
2016;2020;8257536;4
2017;2036;8261632;19
2018;2036;8265728;18
2019;2036;8269824;17
2020;2036;8273920;16
2021;2036;8278016;15
2022;2036;8282112;14
2023;2036;8286208;13
2024;2036;8290304;12
2025;2036;8294400;11
2026;2036;8298496;10
2027;2036;8302592;9
2028;2036;8306688;8
2029;2036;8310784;7
2030;2036;8314880;6
2031;2036;8318976;5
2032;2036;8323072;4
2033;2052;8327168;19
2034;2052;8331264;18
2035;2052;8335360;17
2036;2052;8339456;16
2037;2052;8343552;15
2038;2052;8347648;14
2039;2052;8351744;13
2040;2052;8355840;12
2041;2052;8359936;11
2042;2052;8364032;10
2043;2052;8368128;9
2044;2052;8372224;8
2045;2052;8376320;7
2046;2052;8380416;6
2047;2052;8384512;5
2048;2052;8388608;4
2049;2068;8392704;19
2050;2068;8396800;18
2051;2068;8400896;17
2052;2068;8404992;16
2053;2068;8409088;15
2054;2068;8413184;14
2055;2068;8417280;13
2056;2068;8421376;12
2057;2068;8425472;11
2058;2068;8429568;10
2059;2068;8433664;9
2060;2068;8437760;8
2061;2068;8441856;7
2062;2068;8445952;6
2063;2068;8450048;5
2064;2068;8454144;4
2065;2084;8458240;19
2066;2084;8462336;18
2067;2084;8466432;17
2068;2084;8470528;16
2069;2084;8474624;15
2070;2084;8478720;14
2071;2084;8482816;13
2072;2084;8486912;12
2073;2084;8491008;11
2074;2084;8495104;10
2075;2084;8499200;9
2076;2084;8503296;8
2077;2084;8507392;7
2078;2084;8511488;6
2079;2084;8515584;5
2080;2084;8519680;4
2081;2100;8523776;19
2082;2100;8527872;18
2083;2100;8531968;17
2084;2100;8536064;16
2085;2100;8540160;15
2086;2100;8544256;14
2087;2100;8548352;13
2088;2100;8552448;12
2089;2100;8556544;11
2090;2100;8560640;10
2091;2100;8564736;9
2092;2100;8568832;8
2093;2100;8572928;7
2094;2100;8577024;6
2095;2100;8581120;5
2096;2100;8585216;4
2097;2116;8589312;19
2098;2116;8593408;18
2099;2116;8597504;17
2100;2116;8601600;16
2101;2116;8605696;15
2102;2116;8609792;14
2103;2116;8613888;13
2104;2116;8617984;12
2105;2116;8622080;11
2106;2116;8626176;10
2107;2116;8630272;9
2108;2116;8634368;8
2109;2116;8638464;7
2110;2116;8642560;6
2111;2116;8646656;5
2112;2116;8650752;4
2113;2132;8654848;19
2114;2132;8658944;18
2115;2132;8663040;17
2116;2132;8667136;16
2117;2132;8671232;15
2118;2132;8675328;14
2119;2132;8679424;13
2120;2132;8683520;12
2121;2132;8687616;11
2122;2132;8691712;10
2123;2132;8695808;9
2124;2132;8699904;8
2125;2132;8704000;7
2126;2132;8708096;6
2127;2132;8712192;5
2128;2132;8716288;4
2129;2148;8720384;19
2130;2148;8724480;18
2131;2148;8728576;17
2132;2148;8732672;16
2133;2148;8736768;15
2134;2148;8740864;14
2135;2148;8744960;13
2136;2148;8749056;12
2137;2148;8753152;11
2138;2148;8757248;10
2139;2148;8761344;9
2140;2148;8765440;8
2141;2148;8769536;7
2142;2148;8773632;6
2143;2148;8777728;5
2144;2148;8781824;4
2145;2164;8785920;19
2146;2164;8790016;18
2147;2164;8794112;17
2148;2164;8798208;16
2149;2164;8802304;15
2150;2164;8806400;14
2151;2164;8810496;13
2152;2164;8814592;12
2153;2164;8818688;11
2154;2164;8822784;10
2155;2164;8826880;9
2156;2164;8830976;8
2157;2164;8835072;7
2158;2164;8839168;6
2159;2164;8843264;5
2160;2164;8847360;4
2161;2180;8851456;19
2162;2180;8855552;18
2163;2180;8859648;17
2164;2180;8863744;16
2165;2180;8867840;15
2166;2180;8871936;14
2167;2180;8876032;13
2168;2180;8880128;12
2169;2180;8884224;11
2170;2180;8888320;10
2171;2180;8892416;9
2172;2180;8896512;8
2173;2180;8900608;7
2174;2180;8904704;6
2175;2180;8908800;5
2176;2180;8912896;4
2177;2196;8916992;19
2178;2196;8921088;18
2179;2196;8925184;17
2180;2196;8929280;16
2181;2196;8933376;15
2182;2196;8937472;14
2183;2196;8941568;13
2184;2196;8945664;12
2185;2196;8949760;11
2186;2196;8953856;10
2187;2196;8957952;9
2188;2196;8962048;8
2189;2196;8966144;7
2190;2196;8970240;6
2191;2196;8974336;5
2192;2196;8978432;4
2193;2212;8982528;19
2194;2212;8986624;18
2195;2212;8990720;17
2196;2212;8994816;16
2197;2212;8998912;15
2198;2212;9003008;14
2199;2212;9007104;13
2200;2212;9011200;12
2201;2212;9015296;11
2202;2212;9019392;10
2203;2212;9023488;9
2204;2212;9027584;8
2205;2212;9031680;7
2206;2212;9035776;6
2207;2212;9039872;5
2208;2212;9043968;4
2209;2228;9048064;19
2210;2228;9052160;18
2211;2228;9056256;17
2212;2228;9060352;16
2213;2228;9064448;15
2214;2228;9068544;14
2215;2228;9072640;13
2216;2228;9076736;12
2217;2228;9080832;11
2218;2228;9084928;10
2219;2228;9089024;9
2220;2228;9093120;8
2221;2228;9097216;7
2222;2228;9101312;6
2223;2228;9105408;5
2224;2228;9109504;4
2225;2244;9113600;19
2226;2244;9117696;18
2227;2244;9121792;17
2228;2244;9125888;16
2229;2244;9129984;15
2230;2244;9134080;14
2231;2244;9138176;13
2232;2244;9142272;12
2233;2244;9146368;11
2234;2244;9150464;10
2235;2244;9154560;9
2236;2244;9158656;8
2237;2244;9162752;7
2238;2244;9166848;6
2239;2244;9170944;5
2240;2244;9175040;4
2241;2260;9179136;19
2242;2260;9183232;18
2243;2260;9187328;17
2244;2260;9191424;16
2245;2260;9195520;15
2246;2260;9199616;14
2247;2260;9203712;13
2248;2260;9207808;12
2249;2260;9211904;11
2250;2260;9216000;10
2251;2260;9220096;9
2252;2260;9224192;8
2253;2260;9228288;7
2254;2260;9232384;6
2255;2260;9236480;5
2256;2260;9240576;4
2257;2276;9244672;19
2258;2276;9248768;18
2259;2276;9252864;17
2260;2276;9256960;16
2261;2276;9261056;15
2262;2276;9265152;14
2263;2276;9269248;13
2264;2276;9273344;12
2265;2276;9277440;11
2266;2276;9281536;10
2267;2276;9285632;9
2268;2276;9289728;8
2269;2276;9293824;7
2270;2276;9297920;6
2271;2276;9302016;5
2272;2276;9306112;4
2273;2292;9310208;19
2274;2292;9314304;18
2275;2292;9318400;17
2276;2292;9322496;16
2277;2292;9326592;15
2278;2292;9330688;14
2279;2292;9334784;13
2280;2292;9338880;12
2281;2292;9342976;11
2282;2292;9347072;10
2283;2292;9351168;9
2284;2292;9355264;8
2285;2292;9359360;7
2286;2292;9363456;6
2287;2292;9367552;5
2288;2292;9371648;4
2289;2308;9375744;19
2290;2308;9379840;18
2291;2308;9383936;17
2292;2308;9388032;16
2293;2308;9392128;15
2294;2308;9396224;14
2295;2308;9400320;13
2296;2308;9404416;12
2297;2308;9408512;11
2298;2308;9412608;10
2299;2308;9416704;9
2300;2308;9420800;8
2301;2308;9424896;7
2302;2308;9428992;6
2303;2308;9433088;5
2304;2308;9437184;4
2305;2324;9441280;19
2306;2324;9445376;18
2307;2324;9449472;17
2308;2324;9453568;16
2309;2324;9457664;15
2310;2324;9461760;14
2311;2324;9465856;13
2312;2324;9469952;12
2313;2324;9474048;11
2314;2324;9478144;10
2315;2324;9482240;9
2316;2324;9486336;8
2317;2324;9490432;7
2318;2324;9494528;6
2319;2324;9498624;5
2320;2324;9502720;4
2321;2340;9506816;19
2322;2340;9510912;18
2323;2340;9515008;17
2324;2340;9519104;16
2325;2340;9523200;15
2326;2340;9527296;14
2327;2340;9531392;13
2328;2340;9535488;12
2329;2340;9539584;11
2330;2340;9543680;10
2331;2340;9547776;9
2332;2340;9551872;8
2333;2340;9555968;7
2334;2340;9560064;6
2335;2340;9564160;5
2336;2340;9568256;4
2337;2356;9572352;19
2338;2356;9576448;18
2339;2356;9580544;17
2340;2356;9584640;16
2341;2356;9588736;15
2342;2356;9592832;14
2343;2356;9596928;13
2344;2356;9601024;12
2345;2356;9605120;11
2346;2356;9609216;10
2347;2356;9613312;9
2348;2356;9617408;8
2349;2356;9621504;7
2350;2356;9625600;6
2351;2356;9629696;5
2352;2356;9633792;4
2353;2358;9637888;5
2354;2359;9641984;5
2355;2360;9646080;5
2356;2361;9650176;5
2357;2362;9654272;5
2358;2363;9658368;5
2359;2364;9662464;5
2360;2365;9666560;5
2361;2366;9670656;5
2362;2367;9674752;5
2363;2368;9678848;5
2364;2369;9682944;5
2365;2370;9687040;5
2366;2371;9691136;5
2367;2372;9695232;5
2368;2373;9699328;5
2369;2389;9703424;20
2370;2389;9707520;19
2371;2389;9711616;18
2372;2389;9715712;17
2373;2389;9719808;16
2374;2389;9723904;15
2375;2389;9728000;14
2376;2389;9732096;13
2377;2389;9736192;12
2378;2389;9740288;11
2379;2389;9744384;10
2380;2389;9748480;9
2381;2389;9752576;8
2382;2389;9756672;7
2383;2389;9760768;6
2384;2389;9764864;5
2385;2405;9768960;20
2386;2405;9773056;19
2387;2405;9777152;18
2388;2405;9781248;17
2389;2394;9785344;5
2390;2405;9789440;15
2391;2405;9793536;14
2392;2405;9797632;13
2393;2405;9801728;12
2394;2405;9805824;11
2395;2405;9809920;10
2396;2405;9814016;9
2397;2405;9818112;8
2398;2405;9822208;7
2399;2405;9826304;6
2400;2405;9830400;5
2401;2421;9834496;20
2402;2421;9838592;19
2403;2421;9842688;18
2404;2421;9846784;17
2405;2421;9850880;16
2406;2421;9854976;15
2407;2421;9859072;14
2408;2421;9863168;13
2409;2421;9867264;12
2410;2421;9871360;11
2411;2421;9875456;10
2412;2421;9879552;9
2413;2421;9883648;8
2414;2421;9887744;7
2415;2421;9891840;6
2416;2421;9895936;5
2417;2437;9900032;20
2418;2437;9904128;19
2419;2437;9908224;18
2420;2437;9912320;17
2421;2437;9916416;16
2422;2437;9920512;15
2423;2437;9924608;14
2424;2437;9928704;13
2425;2437;9932800;12
2426;2437;9936896;11
2427;2437;9940992;10
2428;2437;9945088;9
2429;2437;9949184;8
2430;2437;9953280;7
2431;2437;9957376;6
2432;2437;9961472;5
2433;2453;9965568;20
2434;2453;9969664;19
2435;2453;9973760;18
2436;2453;9977856;17
2437;2453;9981952;16
2438;2453;9986048;15
2439;2453;9990144;14
2440;2453;9994240;13
2441;2453;9998336;12
2442;2453;10002432;11
2443;2453;10006528;10
2444;2453;10010624;9
2445;2453;10014720;8
2446;2453;10018816;7
2447;2453;10022912;6
2448;2453;10027008;5
2449;2469;10031104;20
2450;2469;10035200;19
2451;2469;10039296;18
2452;2469;10043392;17
2453;2469;10047488;16
2454;2469;10051584;15
2455;2469;10055680;14
2456;2469;10059776;13
2457;2469;10063872;12
2458;2469;10067968;11
2459;2469;10072064;10
2460;2469;10076160;9
2461;2469;10080256;8
2462;2469;10084352;7
2463;2469;10088448;6
2464;2469;10092544;5
2465;2485;10096640;20
2466;2485;10100736;19
2467;2485;10104832;18
2468;2485;10108928;17
2469;2485;10113024;16
2470;2485;10117120;15
2471;2485;10121216;14
2472;2485;10125312;13
2473;2485;10129408;12
2474;2485;10133504;11
2475;2485;10137600;10
2476;2485;10141696;9
2477;2485;10145792;8
2478;2485;10149888;7
2479;2485;10153984;6
2480;2485;10158080;5
2481;2501;10162176;20
2482;2501;10166272;19
2483;2501;10170368;18
2484;2501;10174464;17
2485;2501;10178560;16
2486;2501;10182656;15
2487;2501;10186752;14
2488;2501;10190848;13
2489;2501;10194944;12
2490;2501;10199040;11
2491;2501;10203136;10
2492;2501;10207232;9
2493;2501;10211328;8
2494;2501;10215424;7
2495;2501;10219520;6
2496;2501;10223616;5
2497;2517;10227712;20
2498;2517;10231808;19
2499;2517;10235904;18
2500;2517;10240000;17
2501;2517;10244096;16
2502;2517;10248192;15
2503;2517;10252288;14
2504;2517;10256384;13
2505;2517;10260480;12
2506;2517;10264576;11
2507;2517;10268672;10
2508;2517;10272768;9
2509;2517;10276864;8
2510;2517;10280960;7
2511;2517;10285056;6
2512;2517;10289152;5
2513;2533;10293248;20
2514;2533;10297344;19
2515;2533;10301440;18
2516;2533;10305536;17
2517;2533;10309632;16
2518;2533;10313728;15
2519;2533;10317824;14
2520;2533;10321920;13
2521;2533;10326016;12
2522;2533;10330112;11
2523;2533;10334208;10
2524;2533;10338304;9
2525;2533;10342400;8
2526;2533;10346496;7
2527;2533;10350592;6
2528;2533;10354688;5
2529;2549;10358784;20
2530;2549;10362880;19
2531;2549;10366976;18
2532;2549;10371072;17
2533;2549;10375168;16
2534;2549;10379264;15
2535;2549;10383360;14
2536;2549;10387456;13
2537;2549;10391552;12
2538;2549;10395648;11
2539;2549;10399744;10
2540;2549;10403840;9
2541;2549;10407936;8
2542;2549;10412032;7
2543;2549;10416128;6
2544;2549;10420224;5
2545;2565;10424320;20
2546;2565;10428416;19
2547;2565;10432512;18
2548;2565;10436608;17
2549;2565;10440704;16
2550;2565;10444800;15
2551;2565;10448896;14
2552;2565;10452992;13
2553;2565;10457088;12
2554;2565;10461184;11
2555;2565;10465280;10
2556;2565;10469376;9
2557;2565;10473472;8
2558;2565;10477568;7
2559;2565;10481664;6
2560;2565;10485760;5
2561;2581;10489856;20
2562;2581;10493952;19
2563;2581;10498048;18
2564;2581;10502144;17
2565;2581;10506240;16
2566;2581;10510336;15
2567;2581;10514432;14
2568;2581;10518528;13
2569;2581;10522624;12
2570;2581;10526720;11
2571;2581;10530816;10
2572;2581;10534912;9
2573;2581;10539008;8
2574;2581;10543104;7
2575;2581;10547200;6
2576;2581;10551296;5
2577;2597;10555392;20
2578;2597;10559488;19
2579;2597;10563584;18
2580;2597;10567680;17
2581;2597;10571776;16
2582;2597;10575872;15
2583;2597;10579968;14
2584;2597;10584064;13
2585;2597;10588160;12
2586;2597;10592256;11
2587;2597;10596352;10
2588;2597;10600448;9
2589;2597;10604544;8
2590;2597;10608640;7
2591;2597;10612736;6
2592;2597;10616832;5
2593;2613;10620928;20
2594;2613;10625024;19
2595;2613;10629120;18
2596;2613;10633216;17
2597;2613;10637312;16
2598;2613;10641408;15
2599;2613;10645504;14
2600;2613;10649600;13
2601;2613;10653696;12
2602;2613;10657792;11
2603;2613;10661888;10
2604;2613;10665984;9
2605;2613;10670080;8
2606;2613;10674176;7
2607;2613;10678272;6
2608;2613;10682368;5
2609;2629;10686464;20
2610;2629;10690560;19
2611;2629;10694656;18
2612;2629;10698752;17
2613;2629;10702848;16
2614;2629;10706944;15
2615;2629;10711040;14
2616;2629;10715136;13
2617;2629;10719232;12
2618;2629;10723328;11
2619;2629;10727424;10
2620;2629;10731520;9
2621;2629;10735616;8
2622;2629;10739712;7
2623;2629;10743808;6
2624;2629;10747904;5
2625;2645;10752000;20
2626;2645;10756096;19
2627;2645;10760192;18
2628;2645;10764288;17
2629;2645;10768384;16
2630;2645;10772480;15
2631;2645;10776576;14
2632;2645;10780672;13
2633;2645;10784768;12
2634;2645;10788864;11
2635;2645;10792960;10
2636;2645;10797056;9
2637;2645;10801152;8
2638;2645;10805248;7
2639;2645;10809344;6
2640;2645;10813440;5
2641;2661;10817536;20
2642;2661;10821632;19
2643;2661;10825728;18
2644;2661;10829824;17
2645;2661;10833920;16
2646;2661;10838016;15
2647;2661;10842112;14
2648;2661;10846208;13
2649;2661;10850304;12
2650;2661;10854400;11
2651;2661;10858496;10
2652;2661;10862592;9
2653;2661;10866688;8
2654;2661;10870784;7
2655;2661;10874880;6
2656;2661;10878976;5
2657;2677;10883072;20
2658;2677;10887168;19
2659;2677;10891264;18
2660;2677;10895360;17
2661;2677;10899456;16
2662;2677;10903552;15
2663;2677;10907648;14
2664;2677;10911744;13
2665;2677;10915840;12
2666;2677;10919936;11
2667;2677;10924032;10
2668;2677;10928128;9
2669;2677;10932224;8
2670;2677;10936320;7
2671;2677;10940416;6
2672;2677;10944512;5
2673;2693;10948608;20
2674;2693;10952704;19
2675;2693;10956800;18
2676;2693;10960896;17
2677;2693;10964992;16
2678;2693;10969088;15
2679;2693;10973184;14
2680;2693;10977280;13
2681;2693;10981376;12
2682;2693;10985472;11
2683;2693;10989568;10
2684;2693;10993664;9
2685;2693;10997760;8
2686;2693;11001856;7
2687;2693;11005952;6
2688;2693;11010048;5
2689;2709;11014144;20
2690;2709;11018240;19
2691;2709;11022336;18
2692;2709;11026432;17
2693;2709;11030528;16
2694;2709;11034624;15
2695;2709;11038720;14
2696;2709;11042816;13
2697;2709;11046912;12
2698;2709;11051008;11
2699;2709;11055104;10
2700;2709;11059200;9
2701;2709;11063296;8
2702;2709;11067392;7
2703;2709;11071488;6
2704;2709;11075584;5
2705;2725;11079680;20
2706;2725;11083776;19
2707;2725;11087872;18
2708;2725;11091968;17
2709;2725;11096064;16
2710;2725;11100160;15
2711;2725;11104256;14
2712;2725;11108352;13
2713;2725;11112448;12
2714;2725;11116544;11
2715;2725;11120640;10
2716;2725;11124736;9
2717;2725;11128832;8
2718;2725;11132928;7
2719;2725;11137024;6
2720;2725;11141120;5
2721;2741;11145216;20
2722;2741;11149312;19
2723;2741;11153408;18
2724;2741;11157504;17
2725;2741;11161600;16
2726;2741;11165696;15
2727;2741;11169792;14
2728;2741;11173888;13
2729;2741;11177984;12
2730;2741;11182080;11
2731;2741;11186176;10
2732;2741;11190272;9
2733;2741;11194368;8
2734;2741;11198464;7
2735;2741;11202560;6
2736;2741;11206656;5
2737;2757;11210752;20
2738;2757;11214848;19
2739;2757;11218944;18
2740;2757;11223040;17
2741;2757;11227136;16
2742;2757;11231232;15
2743;2757;11235328;14
2744;2757;11239424;13
2745;2757;11243520;12
2746;2757;11247616;11
2747;2757;11251712;10
2748;2757;11255808;9
2749;2757;11259904;8
2750;2757;11264000;7
2751;2757;11268096;6
2752;2757;11272192;5
2753;2773;11276288;20
2754;2773;11280384;19
2755;2773;11284480;18
2756;2773;11288576;17
2757;2773;11292672;16
2758;2773;11296768;15
2759;2773;11300864;14
2760;2773;11304960;13
2761;2773;11309056;12
2762;2773;11313152;11
2763;2773;11317248;10
2764;2773;11321344;9
2765;2773;11325440;8
2766;2773;11329536;7
2767;2773;11333632;6
2768;2773;11337728;5
2769;2789;11341824;20
2770;2789;11345920;19
2771;2789;11350016;18
2772;2789;11354112;17
2773;2789;11358208;16
2774;2789;11362304;15
2775;2789;11366400;14
2776;2789;11370496;13
2777;2789;11374592;12
2778;2789;11378688;11
2779;2789;11382784;10
2780;2789;11386880;9
2781;2789;11390976;8
2782;2789;11395072;7
2783;2789;11399168;6
2784;2789;11403264;5
2785;2805;11407360;20
2786;2805;11411456;19
2787;2805;11415552;18
2788;2805;11419648;17
2789;2805;11423744;16
2790;2805;11427840;15
2791;2805;11431936;14
2792;2805;11436032;13
2793;2805;11440128;12
2794;2805;11444224;11
2795;2805;11448320;10
2796;2805;11452416;9
2797;2805;11456512;8
2798;2805;11460608;7
2799;2805;11464704;6
2800;2805;11468800;5
2801;2821;11472896;20
2802;2821;11476992;19
2803;2821;11481088;18
2804;2821;11485184;17
2805;2821;11489280;16
2806;2821;11493376;15
2807;2821;11497472;14
2808;2821;11501568;13
2809;2821;11505664;12
2810;2821;11509760;11
2811;2821;11513856;10
2812;2821;11517952;9
2813;2821;11522048;8
2814;2821;11526144;7
2815;2821;11530240;6
2816;2821;11534336;5
2817;2837;11538432;20
2818;2837;11542528;19
2819;2837;11546624;18
2820;2837;11550720;17
2821;2837;11554816;16
2822;2837;11558912;15
2823;2837;11563008;14
2824;2837;11567104;13
2825;2837;11571200;12
2826;2837;11575296;11
2827;2837;11579392;10
2828;2837;11583488;9
2829;2837;11587584;8
2830;2837;11591680;7
2831;2837;11595776;6
2832;2837;11599872;5
2833;2853;11603968;20
2834;2853;11608064;19
2835;2853;11612160;18
2836;2853;11616256;17
2837;2853;11620352;16
2838;2853;11624448;15
2839;2853;11628544;14
2840;2853;11632640;13
2841;2853;11636736;12
2842;2853;11640832;11
2843;2853;11644928;10
2844;2853;11649024;9
2845;2853;11653120;8
2846;2853;11657216;7
2847;2853;11661312;6
2848;2853;11665408;5
2849;2869;11669504;20
2850;2869;11673600;19
2851;2869;11677696;18
2852;2869;11681792;17
2853;2869;11685888;16
2854;2869;11689984;15
2855;2869;11694080;14
2856;2869;11698176;13
2857;2869;11702272;12
2858;2869;11706368;11
2859;2869;11710464;10
2860;2869;11714560;9
2861;2869;11718656;8
2862;2869;11722752;7
2863;2869;11726848;6
2864;2869;11730944;5
2865;2871;11735040;6
2866;2872;11739136;6
2867;2873;11743232;6
2868;2874;11747328;6
2869;2875;11751424;6
2870;2876;11755520;6
2871;2877;11759616;6
2872;2878;11763712;6
2873;2879;11767808;6
2874;2880;11771904;6
2875;2881;11776000;6
2876;2882;11780096;6
2877;2883;11784192;6
2878;2884;11788288;6
2879;2885;11792384;6
2880;2886;11796480;6
2881;2902;11800576;21
2882;2902;11804672;20
2883;2902;11808768;19
2884;2902;11812864;18
2885;2902;11816960;17
2886;2902;11821056;16
2887;2902;11825152;15
2888;2902;11829248;14
2889;2902;11833344;13
2890;2902;11837440;12
2891;2902;11841536;11
2892;2902;11845632;10
2893;2902;11849728;9
2894;2902;11853824;8
2895;2902;11857920;7
2896;2902;11862016;6
2897;2918;11866112;21
2898;2918;11870208;20
2899;2918;11874304;19
2900;2918;11878400;18
2901;2918;11882496;17
2902;2918;11886592;16
2903;2918;11890688;15
2904;2918;11894784;14
2905;2918;11898880;13
2906;2918;11902976;12
2907;2918;11907072;11
2908;2918;11911168;10
2909;2918;11915264;9
2910;2918;11919360;8
2911;2918;11923456;7
2912;2918;11927552;6
2913;2934;11931648;21
2914;2934;11935744;20
2915;2934;11939840;19
2916;2934;11943936;18
2917;2934;11948032;17
2918;2934;11952128;16
2919;2934;11956224;15
2920;2934;11960320;14
2921;2934;11964416;13
2922;2934;11968512;12
2923;2934;11972608;11
2924;2934;11976704;10
2925;2934;11980800;9
2926;2934;11984896;8
2927;2934;11988992;7
2928;2934;11993088;6
2929;2950;11997184;21
2930;2950;12001280;20
2931;2950;12005376;19
2932;2950;12009472;18
2933;2950;12013568;17
2934;2950;12017664;16
2935;2950;12021760;15
2936;2950;12025856;14
2937;2950;12029952;13
2938;2950;12034048;12
2939;2950;12038144;11
2940;2950;12042240;10
2941;2950;12046336;9
2942;2950;12050432;8
2943;2950;12054528;7
2944;2950;12058624;6
2945;2966;12062720;21
2946;2966;12066816;20
2947;2966;12070912;19
2948;2966;12075008;18
2949;2966;12079104;17
2950;2966;12083200;16
2951;2966;12087296;15
2952;2966;12091392;14
2953;2966;12095488;13
2954;2966;12099584;12
2955;2966;12103680;11
2956;2966;12107776;10
2957;2966;12111872;9
2958;2966;12115968;8
2959;2966;12120064;7
2960;2966;12124160;6
2961;2982;12128256;21
2962;2982;12132352;20
2963;2982;12136448;19
2964;2982;12140544;18
2965;2982;12144640;17
2966;2982;12148736;16
2967;2982;12152832;15
2968;2982;12156928;14
2969;2982;12161024;13
2970;2982;12165120;12
2971;2982;12169216;11
2972;2982;12173312;10
2973;2982;12177408;9
2974;2982;12181504;8
2975;2982;12185600;7
2976;2982;12189696;6
2977;2998;12193792;21
2978;2998;12197888;20
2979;2998;12201984;19
2980;2998;12206080;18
2981;2998;12210176;17
2982;2998;12214272;16
2983;2998;12218368;15
2984;2998;12222464;14
2985;2998;12226560;13
2986;2998;12230656;12
2987;2998;12234752;11
2988;2998;12238848;10
2989;2998;12242944;9
2990;2998;12247040;8
2991;2998;12251136;7
2992;2998;12255232;6
2993;3014;12259328;21
2994;3014;12263424;20
2995;3014;12267520;19
2996;3014;12271616;18
2997;3014;12275712;17
2998;3014;12279808;16
2999;3014;12283904;15
3000;3014;12288000;14
3001;3014;12292096;13
3002;3014;12296192;12
3003;3014;12300288;11
3004;3014;12304384;10
3005;3014;12308480;9
3006;3014;12312576;8
3007;3014;12316672;7
3008;3014;12320768;6
3009;3030;12324864;21
3010;3030;12328960;20
3011;3030;12333056;19
3012;3030;12337152;18
3013;3030;12341248;17
3014;3030;12345344;16
3015;3030;12349440;15
3016;3030;12353536;14
3017;3030;12357632;13
3018;3030;12361728;12
3019;3030;12365824;11
3020;3030;12369920;10
3021;3030;12374016;9
3022;3030;12378112;8
3023;3030;12382208;7
3024;3030;12386304;6
3025;3046;12390400;21
3026;3046;12394496;20
3027;3046;12398592;19
3028;3046;12402688;18
3029;3046;12406784;17
3030;3046;12410880;16
3031;3046;12414976;15
3032;3046;12419072;14
3033;3046;12423168;13
3034;3046;12427264;12
3035;3046;12431360;11
3036;3046;12435456;10
3037;3046;12439552;9
3038;3046;12443648;8
3039;3046;12447744;7
3040;3046;12451840;6
3041;3062;12455936;21
3042;3062;12460032;20
3043;3062;12464128;19
3044;3062;12468224;18
3045;3062;12472320;17
3046;3062;12476416;16
3047;3062;12480512;15
3048;3062;12484608;14
3049;3062;12488704;13
3050;3062;12492800;12
3051;3062;12496896;11
3052;3062;12500992;10
3053;3062;12505088;9
3054;3062;12509184;8
3055;3062;12513280;7
3056;3062;12517376;6
3057;3078;12521472;21
3058;3078;12525568;20
3059;3078;12529664;19
3060;3078;12533760;18
3061;3078;12537856;17
3062;3078;12541952;16
3063;3078;12546048;15
3064;3078;12550144;14
3065;3078;12554240;13
3066;3078;12558336;12
3067;3078;12562432;11
3068;3078;12566528;10
3069;3078;12570624;9
3070;3078;12574720;8
3071;3078;12578816;7
3072;3078;12582912;6
3073;3094;12587008;21
3074;3094;12591104;20
3075;3094;12595200;19
3076;3094;12599296;18
3077;3094;12603392;17
3078;3094;12607488;16
3079;3094;12611584;15
3080;3094;12615680;14
3081;3094;12619776;13
3082;3094;12623872;12
3083;3094;12627968;11
3084;3094;12632064;10
3085;3094;12636160;9
3086;3094;12640256;8
3087;3094;12644352;7
3088;3094;12648448;6
3089;3110;12652544;21
3090;3110;12656640;20
3091;3110;12660736;19
3092;3110;12664832;18
3093;3110;12668928;17
3094;3110;12673024;16
3095;3110;12677120;15
3096;3110;12681216;14
3097;3110;12685312;13
3098;3110;12689408;12
3099;3110;12693504;11
3100;3110;12697600;10
3101;3110;12701696;9
3102;3110;12705792;8
3103;3110;12709888;7
3104;3110;12713984;6
3105;3126;12718080;21
3106;3126;12722176;20
3107;3126;12726272;19
3108;3126;12730368;18
3109;3126;12734464;17
3110;3126;12738560;16
3111;3126;12742656;15
3112;3126;12746752;14
3113;3126;12750848;13
3114;3126;12754944;12
3115;3126;12759040;11
3116;3126;12763136;10
3117;3126;12767232;9
3118;3126;12771328;8
3119;3126;12775424;7
3120;3126;12779520;6
3121;3142;12783616;21
3122;3142;12787712;20
3123;3142;12791808;19
3124;3142;12795904;18
3125;3142;12800000;17
3126;3142;12804096;16
3127;3142;12808192;15
3128;3142;12812288;14
3129;3142;12816384;13
3130;3142;12820480;12
3131;3142;12824576;11
3132;3142;12828672;10
3133;3142;12832768;9
3134;3142;12836864;8
3135;3142;12840960;7
3136;3142;12845056;6
3137;3158;12849152;21
3138;3158;12853248;20
3139;3158;12857344;19
3140;3158;12861440;18
3141;3158;12865536;17
3142;3158;12869632;16
3143;3158;12873728;15
3144;3158;12877824;14
3145;3158;12881920;13
3146;3158;12886016;12
3147;3158;12890112;11
3148;3158;12894208;10
3149;3158;12898304;9
3150;3158;12902400;8
3151;3158;12906496;7
3152;3158;12910592;6
3153;3174;12914688;21
3154;3174;12918784;20
3155;3174;12922880;19
3156;3174;12926976;18
3157;3174;12931072;17
3158;3174;12935168;16
3159;3174;12939264;15
3160;3174;12943360;14
3161;3174;12947456;13
3162;3174;12951552;12
3163;3174;12955648;11
3164;3174;12959744;10
3165;3174;12963840;9
3166;3174;12967936;8
3167;3174;12972032;7
3168;3174;12976128;6
3169;3190;12980224;21
3170;3190;12984320;20
3171;3190;12988416;19
3172;3190;12992512;18
3173;3190;12996608;17
3174;3190;13000704;16
3175;3190;13004800;15
3176;3190;13008896;14
3177;3190;13012992;13
3178;3190;13017088;12
3179;3190;13021184;11
3180;3190;13025280;10
3181;3190;13029376;9
3182;3190;13033472;8
3183;3190;13037568;7
3184;3190;13041664;6
3185;3206;13045760;21
3186;3206;13049856;20
3187;3206;13053952;19
3188;3206;13058048;18
3189;3206;13062144;17
3190;3206;13066240;16
3191;3206;13070336;15
3192;3206;13074432;14
3193;3206;13078528;13
3194;3206;13082624;12
3195;3206;13086720;11
3196;3206;13090816;10
3197;3206;13094912;9
3198;3206;13099008;8
3199;3206;13103104;7
3200;3206;13107200;6
3201;3222;13111296;21
3202;3222;13115392;20
3203;3222;13119488;19
3204;3222;13123584;18
3205;3222;13127680;17
3206;3222;13131776;16
3207;3222;13135872;15
3208;3222;13139968;14
3209;3222;13144064;13
3210;3222;13148160;12
3211;3222;13152256;11
3212;3222;13156352;10
3213;3222;13160448;9
3214;3222;13164544;8
3215;3222;13168640;7
3216;3222;13172736;6
3217;3238;13176832;21
3218;3238;13180928;20
3219;3238;13185024;19
3220;3238;13189120;18
3221;3238;13193216;17
3222;3238;13197312;16
3223;3238;13201408;15
3224;3238;13205504;14
3225;3238;13209600;13
3226;3238;13213696;12
3227;3238;13217792;11
3228;3238;13221888;10
3229;3238;13225984;9
3230;3238;13230080;8
3231;3238;13234176;7
3232;3238;13238272;6
3233;3254;13242368;21
3234;3254;13246464;20
3235;3254;13250560;19
3236;3254;13254656;18
3237;3254;13258752;17
3238;3254;13262848;16
3239;3254;13266944;15
3240;3254;13271040;14
3241;3254;13275136;13
3242;3254;13279232;12
3243;3254;13283328;11
3244;3254;13287424;10
3245;3254;13291520;9
3246;3254;13295616;8
3247;3254;13299712;7
3248;3254;13303808;6
3249;3270;13307904;21
3250;3270;13312000;20
3251;3270;13316096;19
3252;3270;13320192;18
3253;3270;13324288;17
3254;3270;13328384;16
3255;3270;13332480;15
3256;3270;13336576;14
3257;3270;13340672;13
3258;3270;13344768;12
3259;3270;13348864;11
3260;3270;13352960;10
3261;3270;13357056;9
3262;3270;13361152;8
3263;3270;13365248;7
3264;3270;13369344;6
3265;3286;13373440;21
3266;3286;13377536;20
3267;3286;13381632;19
3268;3286;13385728;18
3269;3286;13389824;17
3270;3286;13393920;16
3271;3286;13398016;15
3272;3286;13402112;14
3273;3286;13406208;13
3274;3286;13410304;12
3275;3286;13414400;11
3276;3286;13418496;10
3277;3286;13422592;9
3278;3286;13426688;8
3279;3286;13430784;7
3280;3286;13434880;6
3281;3302;13438976;21
3282;3302;13443072;20
3283;3302;13447168;19
3284;3302;13451264;18
3285;3302;13455360;17
3286;3302;13459456;16
3287;3302;13463552;15
3288;3302;13467648;14
3289;3302;13471744;13
3290;3302;13475840;12
3291;3302;13479936;11
3292;3302;13484032;10
3293;3302;13488128;9
3294;3302;13492224;8
3295;3302;13496320;7
3296;3302;13500416;6
3297;3318;13504512;21
3298;3318;13508608;20
3299;3318;13512704;19
3300;3318;13516800;18
3301;3318;13520896;17
3302;3318;13524992;16
3303;3318;13529088;15
3304;3318;13533184;14
3305;3318;13537280;13
3306;3318;13541376;12
3307;3318;13545472;11
3308;3318;13549568;10
3309;3318;13553664;9
3310;3318;13557760;8
3311;3318;13561856;7
3312;3318;13565952;6
3313;3334;13570048;21
3314;3334;13574144;20
3315;3334;13578240;19
3316;3334;13582336;18
3317;3334;13586432;17
3318;3334;13590528;16
3319;3334;13594624;15
3320;3334;13598720;14
3321;3334;13602816;13
3322;3334;13606912;12
3323;3334;13611008;11
3324;3334;13615104;10
3325;3334;13619200;9
3326;3334;13623296;8
3327;3334;13627392;7
3328;3334;13631488;6
3329;3350;13635584;21
3330;3350;13639680;20
3331;3350;13643776;19
3332;3350;13647872;18
3333;3350;13651968;17
3334;3350;13656064;16
3335;3350;13660160;15
3336;3350;13664256;14
3337;3350;13668352;13
3338;3350;13672448;12
3339;3350;13676544;11
3340;3350;13680640;10
3341;3350;13684736;9
3342;3350;13688832;8
3343;3350;13692928;7
3344;3350;13697024;6
3345;3366;13701120;21
3346;3366;13705216;20
3347;3366;13709312;19
3348;3366;13713408;18
3349;3366;13717504;17
3350;3366;13721600;16
3351;3366;13725696;15
3352;3366;13729792;14
3353;3366;13733888;13
3354;3366;13737984;12
3355;3366;13742080;11
3356;3366;13746176;10
3357;3366;13750272;9
3358;3366;13754368;8
3359;3366;13758464;7
3360;3366;13762560;6
3361;3382;13766656;21
3362;3382;13770752;20
3363;3382;13774848;19
3364;3382;13778944;18
3365;3382;13783040;17
3366;3382;13787136;16
3367;3382;13791232;15
3368;3382;13795328;14
3369;3382;13799424;13
3370;3382;13803520;12
3371;3382;13807616;11
3372;3382;13811712;10
3373;3382;13815808;9
3374;3382;13819904;8
3375;3382;13824000;7
3376;3382;13828096;6
3377;3384;13832192;7
3378;3385;13836288;7
3379;3386;13840384;7
3380;3387;13844480;7
3381;3388;13848576;7
3382;3389;13852672;7
3383;3390;13856768;7
3384;3391;13860864;7
3385;3392;13864960;7
3386;3393;13869056;7
3387;3394;13873152;7
3388;3395;13877248;7
3389;3396;13881344;7
3390;3397;13885440;7
3391;3398;13889536;7
3392;3399;13893632;7
3393;3415;13897728;22
3394;3415;13901824;21
3395;3415;13905920;20
3396;3415;13910016;19
3397;3415;13914112;18
3398;3415;13918208;17
3399;3415;13922304;16
3400;3415;13926400;15
3401;3415;13930496;14
3402;3415;13934592;13
3403;3415;13938688;12
3404;3415;13942784;11
3405;3415;13946880;10
3406;3415;13950976;9
3407;3415;13955072;8
3408;3415;13959168;7
3409;3431;13963264;22
3410;3431;13967360;21
3411;3431;13971456;20
3412;3431;13975552;19
3413;3431;13979648;18
3414;3431;13983744;17
3415;3431;13987840;16
3416;3431;13991936;15
3417;3431;13996032;14
3418;3431;14000128;13
3419;3431;14004224;12
3420;3431;14008320;11
3421;3431;14012416;10
3422;3431;14016512;9
3423;3431;14020608;8
3424;3431;14024704;7
3425;3447;14028800;22
3426;3447;14032896;21
3427;3447;14036992;20
3428;3447;14041088;19
3429;3447;14045184;18
3430;3447;14049280;17
3431;3447;14053376;16
3432;3447;14057472;15
3433;3447;14061568;14
3434;3447;14065664;13
3435;3447;14069760;12
3436;3447;14073856;11
3437;3447;14077952;10
3438;3447;14082048;9
3439;3447;14086144;8
3440;3447;14090240;7
3441;3463;14094336;22
3442;3463;14098432;21
3443;3463;14102528;20
3444;3463;14106624;19
3445;3463;14110720;18
3446;3463;14114816;17
3447;3463;14118912;16
3448;3463;14123008;15
3449;3463;14127104;14
3450;3463;14131200;13
3451;3463;14135296;12
3452;3463;14139392;11
3453;3463;14143488;10
3454;3463;14147584;9
3455;3463;14151680;8
3456;3463;14155776;7
3457;3479;14159872;22
3458;3479;14163968;21
3459;3479;14168064;20
3460;3479;14172160;19
3461;3479;14176256;18
3462;3479;14180352;17
3463;3479;14184448;16
3464;3479;14188544;15
3465;3479;14192640;14
3466;3479;14196736;13
3467;3479;14200832;12
3468;3479;14204928;11
3469;3479;14209024;10
3470;3479;14213120;9
3471;3479;14217216;8
3472;3479;14221312;7
3473;3495;14225408;22
3474;3495;14229504;21
3475;3495;14233600;20
3476;3495;14237696;19
3477;3495;14241792;18
3478;3495;14245888;17
3479;3495;14249984;16
3480;3495;14254080;15
3481;3495;14258176;14
3482;3495;14262272;13
3483;3495;14266368;12
3484;3495;14270464;11
3485;3495;14274560;10
3486;3495;14278656;9
3487;3495;14282752;8
3488;3495;14286848;7
3489;3511;14290944;22
3490;3511;14295040;21
3491;3511;14299136;20
3492;3511;14303232;19
3493;3511;14307328;18
3494;3511;14311424;17
3495;3511;14315520;16
3496;3511;14319616;15
3497;3511;14323712;14
3498;3511;14327808;13
3499;3511;14331904;12
3500;3511;14336000;11
3501;3511;14340096;10
3502;3511;14344192;9
3503;3511;14348288;8
3504;3511;14352384;7
3505;3527;14356480;22
3506;3527;14360576;21
3507;3527;14364672;20
3508;3527;14368768;19
3509;3527;14372864;18
3510;3527;14376960;17
3511;3527;14381056;16
3512;3527;14385152;15
3513;3527;14389248;14
3514;3527;14393344;13
3515;3527;14397440;12
3516;3527;14401536;11
3517;3527;14405632;10
3518;3527;14409728;9
3519;3527;14413824;8
3520;3527;14417920;7
3521;3543;14422016;22
3522;3543;14426112;21
3523;3543;14430208;20
3524;3543;14434304;19
3525;3543;14438400;18
3526;3543;14442496;17
3527;3543;14446592;16
3528;3543;14450688;15
3529;3543;14454784;14
3530;3543;14458880;13
3531;3543;14462976;12
3532;3543;14467072;11
3533;3543;14471168;10
3534;3543;14475264;9
3535;3543;14479360;8
3536;3543;14483456;7
3537;3559;14487552;22
3538;3559;14491648;21
3539;3559;14495744;20
3540;3559;14499840;19
3541;3559;14503936;18
3542;3559;14508032;17
3543;3559;14512128;16
3544;3559;14516224;15
3545;3559;14520320;14
3546;3559;14524416;13
3547;3559;14528512;12
3548;3559;14532608;11
3549;3559;14536704;10
3550;3559;14540800;9
3551;3559;14544896;8
3552;3559;14548992;7
3553;3575;14553088;22
3554;3575;14557184;21
3555;3575;14561280;20
3556;3575;14565376;19
3557;3575;14569472;18
3558;3575;14573568;17
3559;3575;14577664;16
3560;3575;14581760;15
3561;3575;14585856;14
3562;3575;14589952;13
3563;3575;14594048;12
3564;3575;14598144;11
3565;3575;14602240;10
3566;3575;14606336;9
3567;3575;14610432;8
3568;3575;14614528;7
3569;3591;14618624;22
3570;3591;14622720;21
3571;3591;14626816;20
3572;3591;14630912;19
3573;3591;14635008;18
3574;3591;14639104;17
3575;3591;14643200;16
3576;3591;14647296;15
3577;3591;14651392;14
3578;3591;14655488;13
3579;3591;14659584;12
3580;3591;14663680;11
3581;3591;14667776;10
3582;3591;14671872;9
3583;3591;14675968;8
3584;3591;14680064;7
3585;3607;14684160;22
3586;3607;14688256;21
3587;3607;14692352;20
3588;3607;14696448;19
3589;3607;14700544;18
3590;3607;14704640;17
3591;3607;14708736;16
3592;3607;14712832;15
3593;3607;14716928;14
3594;3607;14721024;13
3595;3607;14725120;12
3596;3607;14729216;11
3597;3607;14733312;10
3598;3607;14737408;9
3599;3607;14741504;8
3600;3607;14745600;7
3601;3623;14749696;22
3602;3623;14753792;21
3603;3623;14757888;20
3604;3623;14761984;19
3605;3623;14766080;18
3606;3623;14770176;17
3607;3623;14774272;16
3608;3623;14778368;15
3609;3623;14782464;14
3610;3623;14786560;13
3611;3623;14790656;12
3612;3623;14794752;11
3613;3623;14798848;10
3614;3623;14802944;9
3615;3623;14807040;8
3616;3623;14811136;7
3617;3639;14815232;22
3618;3639;14819328;21
3619;3639;14823424;20
3620;3639;14827520;19
3621;3639;14831616;18
3622;3639;14835712;17
3623;3639;14839808;16
3624;3639;14843904;15
3625;3639;14848000;14
3626;3639;14852096;13
3627;3639;14856192;12
3628;3639;14860288;11
3629;3639;14864384;10
3630;3639;14868480;9
3631;3639;14872576;8
3632;3639;14876672;7
3633;3655;14880768;22
3634;3655;14884864;21
3635;3655;14888960;20
3636;3655;14893056;19
3637;3655;14897152;18
3638;3655;14901248;17
3639;3655;14905344;16
3640;3655;14909440;15
3641;3655;14913536;14
3642;3655;14917632;13
3643;3655;14921728;12
3644;3655;14925824;11
3645;3655;14929920;10
3646;3655;14934016;9
3647;3655;14938112;8
3648;3655;14942208;7
3649;3671;14946304;22
3650;3671;14950400;21
3651;3671;14954496;20
3652;3671;14958592;19
3653;3671;14962688;18
3654;3671;14966784;17
3655;3671;14970880;16
3656;3671;14974976;15
3657;3671;14979072;14
3658;3671;14983168;13
3659;3671;14987264;12
3660;3671;14991360;11
3661;3671;14995456;10
3662;3671;14999552;9
3663;3671;15003648;8
3664;3671;15007744;7
3665;3687;15011840;22
3666;3687;15015936;21
3667;3687;15020032;20
3668;3687;15024128;19
3669;3687;15028224;18
3670;3687;15032320;17
3671;3687;15036416;16
3672;3687;15040512;15
3673;3687;15044608;14
3674;3687;15048704;13
3675;3687;15052800;12
3676;3687;15056896;11
3677;3687;15060992;10
3678;3687;15065088;9
3679;3687;15069184;8
3680;3687;15073280;7
3681;3703;15077376;22
3682;3703;15081472;21
3683;3703;15085568;20
3684;3703;15089664;19
3685;3703;15093760;18
3686;3703;15097856;17
3687;3703;15101952;16
3688;3703;15106048;15
3689;3703;15110144;14
3690;3703;15114240;13
3691;3703;15118336;12
3692;3703;15122432;11
3693;3703;15126528;10
3694;3703;15130624;9
3695;3703;15134720;8
3696;3703;15138816;7
3697;3719;15142912;22
3698;3719;15147008;21
3699;3719;15151104;20
3700;3719;15155200;19
3701;3719;15159296;18
3702;3719;15163392;17
3703;3719;15167488;16
3704;3719;15171584;15
3705;3719;15175680;14
3706;3719;15179776;13
3707;3719;15183872;12
3708;3719;15187968;11
3709;3719;15192064;10
3710;3719;15196160;9
3711;3719;15200256;8
3712;3719;15204352;7
3713;3735;15208448;22
3714;3735;15212544;21
3715;3735;15216640;20
3716;3735;15220736;19
3717;3735;15224832;18
3718;3735;15228928;17
3719;3735;15233024;16
3720;3735;15237120;15
3721;3735;15241216;14
3722;3735;15245312;13
3723;3735;15249408;12
3724;3735;15253504;11
3725;3735;15257600;10
3726;3735;15261696;9
3727;3735;15265792;8
3728;3735;15269888;7
3729;3751;15273984;22
3730;3751;15278080;21
3731;3751;15282176;20
3732;3751;15286272;19
3733;3751;15290368;18
3734;3751;15294464;17
3735;3751;15298560;16
3736;3751;15302656;15
3737;3751;15306752;14
3738;3751;15310848;13
3739;3751;15314944;12
3740;3751;15319040;11
3741;3751;15323136;10
3742;3751;15327232;9
3743;3751;15331328;8
3744;3751;15335424;7
3745;3767;15339520;22
3746;3767;15343616;21
3747;3767;15347712;20
3748;3767;15351808;19
3749;3767;15355904;18
3750;3767;15360000;17
3751;3767;15364096;16
3752;3767;15368192;15
3753;3767;15372288;14
3754;3767;15376384;13
3755;3767;15380480;12
3756;3767;15384576;11
3757;3767;15388672;10
3758;3767;15392768;9
3759;3767;15396864;8
3760;3767;15400960;7
3761;3783;15405056;22
3762;3783;15409152;21
3763;3783;15413248;20
3764;3783;15417344;19
3765;3783;15421440;18
3766;3783;15425536;17
3767;3783;15429632;16
3768;3783;15433728;15
3769;3783;15437824;14
3770;3783;15441920;13
3771;3783;15446016;12
3772;3783;15450112;11
3773;3783;15454208;10
3774;3783;15458304;9
3775;3783;15462400;8
3776;3783;15466496;7
3777;3799;15470592;22
3778;3799;15474688;21
3779;3799;15478784;20
3780;3799;15482880;19
3781;3799;15486976;18
3782;3799;15491072;17
3783;3799;15495168;16
3784;3799;15499264;15
3785;3799;15503360;14
3786;3799;15507456;13
3787;3799;15511552;12
3788;3799;15515648;11
3789;3799;15519744;10
3790;3799;15523840;9
3791;3799;15527936;8
3792;3799;15532032;7
3793;3815;15536128;22
3794;3815;15540224;21
3795;3815;15544320;20
3796;3815;15548416;19
3797;3815;15552512;18
3798;3815;15556608;17
3799;3815;15560704;16
3800;3815;15564800;15
3801;3815;15568896;14
3802;3815;15572992;13
3803;3815;15577088;12
3804;3815;15581184;11
3805;3815;15585280;10
3806;3815;15589376;9
3807;3815;15593472;8
3808;3815;15597568;7
3809;3831;15601664;22
3810;3831;15605760;21
3811;3831;15609856;20
3812;3831;15613952;19
3813;3831;15618048;18
3814;3831;15622144;17
3815;3831;15626240;16
3816;3831;15630336;15
3817;3831;15634432;14
3818;3831;15638528;13
3819;3831;15642624;12
3820;3831;15646720;11
3821;3831;15650816;10
3822;3831;15654912;9
3823;3831;15659008;8
3824;3831;15663104;7
3825;3847;15667200;22
3826;3847;15671296;21
3827;3847;15675392;20
3828;3847;15679488;19
3829;3847;15683584;18
3830;3847;15687680;17
3831;3847;15691776;16
3832;3847;15695872;15
3833;3847;15699968;14
3834;3847;15704064;13
3835;3847;15708160;12
3836;3847;15712256;11
3837;3847;15716352;10
3838;3847;15720448;9
3839;3847;15724544;8
3840;3847;15728640;7
3841;3863;15732736;22
3842;3863;15736832;21
3843;3863;15740928;20
3844;3863;15745024;19
3845;3863;15749120;18
3846;3863;15753216;17
3847;3863;15757312;16
3848;3863;15761408;15
3849;3863;15765504;14
3850;3863;15769600;13
3851;3863;15773696;12
3852;3863;15777792;11
3853;3863;15781888;10
3854;3863;15785984;9
3855;3863;15790080;8
3856;3863;15794176;7
3857;3879;15798272;22
3858;3879;15802368;21
3859;3879;15806464;20
3860;3879;15810560;19
3861;3879;15814656;18
3862;3879;15818752;17
3863;3879;15822848;16
3864;3879;15826944;15
3865;3879;15831040;14
3866;3879;15835136;13
3867;3879;15839232;12
3868;3879;15843328;11
3869;3879;15847424;10
3870;3879;15851520;9
3871;3879;15855616;8
3872;3879;15859712;7
3873;3895;15863808;22
3874;3895;15867904;21
3875;3895;15872000;20
3876;3895;15876096;19
3877;3895;15880192;18
3878;3895;15884288;17
3879;3895;15888384;16
3880;3895;15892480;15
3881;3895;15896576;14
3882;3895;15900672;13
3883;3895;15904768;12
3884;3895;15908864;11
3885;3895;15912960;10
3886;3895;15917056;9
3887;3895;15921152;8
3888;3895;15925248;7
3889;3897;15929344;8
3890;3898;15933440;8
3891;3899;15937536;8
3892;3900;15941632;8
3893;3901;15945728;8
3894;3902;15949824;8
3895;3903;15953920;8
3896;3904;15958016;8
3897;3905;15962112;8
3898;3906;15966208;8
3899;3907;15970304;8
3900;3908;15974400;8
3901;3909;15978496;8
3902;3910;15982592;8
3903;3911;15986688;8
3904;3912;15990784;8
3905;3928;15994880;23
3906;3928;15998976;22
3907;3928;16003072;21
3908;3928;16007168;20
3909;3928;16011264;19
3910;3928;16015360;18
3911;3928;16019456;17
3912;3928;16023552;16
3913;3928;16027648;15
3914;3928;16031744;14
3915;3928;16035840;13
3916;3928;16039936;12
3917;3928;16044032;11
3918;3928;16048128;10
3919;3928;16052224;9
3920;3928;16056320;8
3921;3944;16060416;23
3922;3944;16064512;22
3923;3944;16068608;21
3924;3944;16072704;20
3925;3944;16076800;19
3926;3944;16080896;18
3927;3944;16084992;17
3928;3944;16089088;16
3929;3944;16093184;15
3930;3944;16097280;14
3931;3944;16101376;13
3932;3944;16105472;12
3933;3944;16109568;11
3934;3944;16113664;10
3935;3944;16117760;9
3936;3944;16121856;8
3937;3960;16125952;23
3938;3960;16130048;22
3939;3960;16134144;21
3940;3960;16138240;20
3941;3960;16142336;19
3942;3960;16146432;18
3943;3960;16150528;17
3944;3960;16154624;16
3945;3960;16158720;15
3946;3960;16162816;14
3947;3960;16166912;13
3948;3960;16171008;12
3949;3960;16175104;11
3950;3960;16179200;10
3951;3960;16183296;9
3952;3960;16187392;8
3953;3976;16191488;23
3954;3976;16195584;22
3955;3976;16199680;21
3956;3976;16203776;20
3957;3976;16207872;19
3958;3976;16211968;18
3959;3976;16216064;17
3960;3976;16220160;16
3961;3976;16224256;15
3962;3976;16228352;14
3963;3976;16232448;13
3964;3976;16236544;12
3965;3976;16240640;11
3966;3976;16244736;10
3967;3976;16248832;9
3968;3976;16252928;8
3969;3992;16257024;23
3970;3992;16261120;22
3971;3992;16265216;21
3972;3992;16269312;20
3973;3992;16273408;19
3974;3992;16277504;18
3975;3992;16281600;17
3976;3992;16285696;16
3977;3992;16289792;15
3978;3992;16293888;14
3979;3992;16297984;13
3980;3992;16302080;12
3981;3992;16306176;11
3982;3992;16310272;10
3983;3992;16314368;9
3984;3992;16318464;8
3985;4008;16322560;23
3986;4008;16326656;22
3987;4008;16330752;21
3988;4008;16334848;20
3989;4008;16338944;19
3990;4008;16343040;18
3991;4008;16347136;17
3992;4008;16351232;16
3993;4008;16355328;15
3994;4008;16359424;14
3995;4008;16363520;13
3996;4008;16367616;12
3997;4008;16371712;11
3998;4008;16375808;10
3999;4008;16379904;9
4000;4008;16384000;8
4001;4024;16388096;23
4002;4024;16392192;22
4003;4024;16396288;21
4004;4024;16400384;20
4005;4024;16404480;19
4006;4024;16408576;18
4007;4024;16412672;17
4008;4024;16416768;16
4009;4024;16420864;15
4010;4024;16424960;14
4011;4024;16429056;13
4012;4024;16433152;12
4013;4024;16437248;11
4014;4024;16441344;10
4015;4024;16445440;9
4016;4024;16449536;8
4017;4040;16453632;23
4018;4040;16457728;22
4019;4040;16461824;21
4020;4040;16465920;20
4021;4040;16470016;19
4022;4040;16474112;18
4023;4040;16478208;17
4024;4040;16482304;16
4025;4040;16486400;15
4026;4040;16490496;14
4027;4040;16494592;13
4028;4040;16498688;12
4029;4040;16502784;11
4030;4040;16506880;10
4031;4040;16510976;9
4032;4040;16515072;8
4033;4056;16519168;23
4034;4056;16523264;22
4035;4056;16527360;21
4036;4056;16531456;20
4037;4056;16535552;19
4038;4056;16539648;18
4039;4056;16543744;17
4040;4056;16547840;16
4041;4056;16551936;15
4042;4056;16556032;14
4043;4056;16560128;13
4044;4056;16564224;12
4045;4056;16568320;11
4046;4056;16572416;10
4047;4056;16576512;9
4048;4056;16580608;8
4049;4072;16584704;23
4050;4072;16588800;22
4051;4072;16592896;21
4052;4072;16596992;20
4053;4072;16601088;19
4054;4072;16605184;18
4055;4072;16609280;17
4056;4072;16613376;16
4057;4072;16617472;15
4058;4072;16621568;14
4059;4072;16625664;13
4060;4072;16629760;12
4061;4072;16633856;11
4062;4072;16637952;10
4063;4072;16642048;9
4064;4072;16646144;8
4065;4088;16650240;23
4066;4088;16654336;22
4067;4088;16658432;21
4068;4088;16662528;20
4069;4088;16666624;19
4070;4088;16670720;18
4071;4088;16674816;17
4072;4088;16678912;16
4073;4088;16683008;15
4074;4088;16687104;14
4075;4088;16691200;13
4076;4088;16695296;12
4077;4088;16699392;11
4078;4088;16703488;10
4079;4088;16707584;9
4080;4088;16711680;8
4081;4104;16715776;23
4082;4104;16719872;22
4083;4104;16723968;21
4084;4104;16728064;20
4085;4104;16732160;19
4086;4104;16736256;18
4087;4104;16740352;17
4088;4104;16744448;16
4089;4104;16748544;15
4090;4104;16752640;14
4091;4104;16756736;13
4092;4104;16760832;12
4093;4104;16764928;11
4094;4104;16769024;10
4095;4104;16773120;9
4096;4104;16777216;8
